protocol,tcp_bytes,quic_bytes,real_time
6,0.0,0.0,0.0
6,0.0,0.0,1.006517
17,0.0,1258.0,2.262678
17,0.0,88.0,2.267085
6,0.0,0.0,2.26838
6,0.0,0.0,2.339228
6,0.0,0.0,2.339365
6,768.0,0.0,2.339956
6,15.0,0.0,2.340147
6,0.0,0.0,2.340265
17,0.0,1258.0,2.369576
17,0.0,1258.0,2.380874
17,0.0,791.0,2.380932
17,0.0,207.0,2.380987
17,0.0,33.0,2.380997
17,0.0,1258.0,2.383605
17,0.0,81.0,2.384595
17,0.0,41.0,2.384665
17,0.0,723.0,2.385779
17,0.0,1254.0,2.386115
17,0.0,1258.0,2.386384
17,0.0,1258.0,2.386422
17,0.0,382.0,2.386451
6,384.0,0.0,2.445199
6,0.0,0.0,2.445872
6,74.0,0.0,2.446432
6,0.0,0.0,2.446522
17,0.0,128.0,2.454059
17,0.0,37.0,2.457706
17,0.0,33.0,2.457784
17,0.0,33.0,2.457804
17,0.0,33.0,2.457814
17,0.0,41.0,2.458325
6,974.0,0.0,2.507706
17,0.0,1254.0,2.512747
17,0.0,1091.0,2.512822
17,0.0,264.0,2.512841
17,0.0,43.0,2.514283
17,0.0,41.0,2.514381
6,0.0,0.0,2.54538
17,0.0,33.0,2.602664
6,0.0,0.0,3.021795
17,0.0,1258.0,3.238207
17,0.0,85.0,3.239564
17,0.0,1254.0,3.239587
17,0.0,1258.0,3.239611
17,0.0,1258.0,3.239625
17,0.0,256.0,3.239635
17,0.0,58.0,3.239647
17,0.0,1258.0,3.322207
17,0.0,84.0,3.324124
17,0.0,926.0,3.324182
17,0.0,771.0,3.324211
17,0.0,1254.0,3.324229
17,0.0,310.0,3.324244
17,0.0,1254.0,3.324259
17,0.0,309.0,3.324276
17,0.0,1258.0,3.352578
17,0.0,1258.0,3.354543
17,0.0,1258.0,3.362661
17,0.0,1258.0,3.362833
17,0.0,1258.0,3.362865
17,0.0,397.0,3.362885
17,0.0,49.0,3.363853
17,0.0,96.0,3.36392
17,0.0,1258.0,3.363947
17,0.0,1258.0,3.363968
17,0.0,1258.0,3.363987
17,0.0,966.0,3.364005
17,0.0,1258.0,3.368694
17,0.0,794.0,3.368798
17,0.0,184.0,3.368821
17,0.0,33.0,3.368834
17,0.0,33.0,3.368844
17,0.0,86.0,3.369667
17,0.0,41.0,3.369719
17,0.0,35.0,3.374632
17,0.0,323.0,3.374723
17,0.0,33.0,3.374751
17,0.0,41.0,3.375933
17,0.0,43.0,3.376012
17,0.0,538.0,3.390559
17,0.0,124.0,3.390685
17,0.0,42.0,3.392677
17,0.0,36.0,3.394599
17,0.0,35.0,3.394672
17,0.0,41.0,3.395005
17,0.0,366.0,3.400606
17,0.0,1254.0,3.400692
17,0.0,43.0,3.40145
17,0.0,41.0,3.401507
17,0.0,1258.0,3.406614
17,0.0,1258.0,3.406709
17,0.0,1258.0,3.406765
17,0.0,1258.0,3.406799
17,0.0,1258.0,3.406821
17,0.0,41.0,3.40688
17,0.0,41.0,3.410627
17,0.0,41.0,3.41066
17,0.0,1258.0,3.410679
17,0.0,1258.0,3.410722
17,0.0,1139.0,3.410736
17,0.0,41.0,3.411119
17,0.0,1258.0,3.416477
17,0.0,1258.0,3.416801
17,0.0,43.0,3.42008
17,0.0,1258.0,3.420582
17,0.0,1258.0,3.420669
17,0.0,1258.0,3.4207
17,0.0,1258.0,3.420713
17,0.0,1258.0,3.420723
17,0.0,865.0,3.420736
17,0.0,41.0,3.422109
17,0.0,41.0,3.422166
17,0.0,41.0,3.422181
17,0.0,41.0,3.448065
17,0.0,33.0,3.45648
17,0.0,128.0,3.463611
17,0.0,33.0,3.463671
17,0.0,33.0,3.476527
17,0.0,41.0,3.490069
17,0.0,1258.0,3.733101
17,0.0,87.0,3.737499
17,0.0,352.0,3.737579
17,0.0,1258.0,3.740847
17,0.0,86.0,3.743892
17,0.0,1258.0,3.745082
17,0.0,84.0,3.747514
17,0.0,358.0,3.747578
17,0.0,357.0,3.747652
17,0.0,1258.0,3.776671
17,0.0,1258.0,3.779029
17,0.0,1258.0,3.780926
17,0.0,49.0,3.782811
17,0.0,1258.0,3.786773
17,0.0,1258.0,3.786885
17,0.0,392.0,3.786958
17,0.0,49.0,3.787374
17,0.0,484.0,3.788064
17,0.0,1258.0,3.792804
17,0.0,1258.0,3.795247
17,0.0,1258.0,3.8001
17,0.0,1258.0,3.800333
17,0.0,49.0,3.800916
17,0.0,1258.0,3.804929
17,0.0,49.0,3.806663
17,0.0,402.0,3.813534
17,0.0,483.0,3.814857
17,0.0,1258.0,3.819659
17,0.0,1258.0,3.822031
17,0.0,1258.0,3.823106
17,0.0,1258.0,3.823268
17,0.0,1258.0,3.823401
17,0.0,607.0,3.823507
17,0.0,49.0,3.823612
17,0.0,481.0,3.82481
17,0.0,538.0,3.829979
17,0.0,124.0,3.830643
17,0.0,35.0,3.830794
17,0.0,215.0,3.830902
17,0.0,33.0,3.831003
17,0.0,41.0,3.83113
17,0.0,43.0,3.832182
17,0.0,538.0,3.846868
17,0.0,124.0,3.847133
17,0.0,35.0,3.847259
17,0.0,41.0,3.847673
17,0.0,215.0,3.85406
17,0.0,43.0,3.855121
17,0.0,33.0,3.855319
17,0.0,48.0,3.85597
17,0.0,41.0,3.857408
17,0.0,33.0,3.884098
17,0.0,33.0,3.889567
17,0.0,539.0,3.901002
17,0.0,124.0,3.901448
17,0.0,35.0,3.901591
17,0.0,41.0,3.902118
17,0.0,215.0,3.905214
17,0.0,43.0,3.907015
17,0.0,33.0,3.996868
6,0.0,0.0,7.18257
17,0.0,779.0,12.265245
17,0.0,764.0,12.266586
17,0.0,1254.0,12.266717
17,0.0,297.0,12.266767
17,0.0,1254.0,12.266799
17,0.0,297.0,12.266826
17,0.0,35.0,12.336513
17,0.0,33.0,12.336881
17,0.0,35.0,12.337028
17,0.0,41.0,12.33847
17,0.0,116.0,12.350787
17,0.0,1254.0,12.350994
17,0.0,1258.0,12.351104
17,0.0,1258.0,12.351306
17,0.0,43.0,12.352794
17,0.0,41.0,12.352925
17,0.0,1258.0,12.355895
17,0.0,1258.0,12.356023
17,0.0,1258.0,12.356102
17,0.0,1258.0,12.356175
17,0.0,1258.0,12.356247
17,0.0,41.0,12.356322
17,0.0,41.0,12.35665
17,0.0,41.0,12.356784
17,0.0,1258.0,12.356874
17,0.0,1258.0,12.357
17,0.0,1258.0,12.357083
17,0.0,1258.0,12.357158
17,0.0,41.0,12.35734
17,0.0,1258.0,12.357444
17,0.0,41.0,12.35753
17,0.0,1258.0,12.357621
17,0.0,1258.0,12.357702
17,0.0,1258.0,12.357776
17,0.0,1258.0,12.357846
17,0.0,1258.0,12.357917
17,0.0,41.0,12.357995
17,0.0,1258.0,12.358094
17,0.0,41.0,12.35818
17,0.0,41.0,12.358633
17,0.0,1258.0,12.360844
17,0.0,1258.0,12.360974
17,0.0,1258.0,12.361057
17,0.0,1258.0,12.361132
17,0.0,41.0,12.361207
17,0.0,1258.0,12.361373
17,0.0,41.0,12.361464
17,0.0,1258.0,12.361559
17,0.0,41.0,12.361646
17,0.0,1258.0,12.361742
17,0.0,1258.0,12.361835
17,0.0,41.0,12.362294
17,0.0,1258.0,12.366767
17,0.0,1258.0,12.366909
17,0.0,1258.0,12.36699
17,0.0,1258.0,12.367067
17,0.0,1258.0,12.367143
17,0.0,1258.0,12.367215
17,0.0,41.0,12.369041
17,0.0,41.0,12.369136
17,0.0,44.0,12.369186
17,0.0,1258.0,12.37289
17,0.0,1258.0,12.373035
17,0.0,1258.0,12.37312
17,0.0,1258.0,12.373195
17,0.0,41.0,12.373337
17,0.0,1258.0,12.373456
17,0.0,41.0,12.373544
17,0.0,41.0,12.373645
17,0.0,1258.0,12.37373
17,0.0,1258.0,12.373842
17,0.0,1258.0,12.373926
17,0.0,1258.0,12.374
17,0.0,41.0,12.374077
17,0.0,41.0,12.374175
17,0.0,1258.0,12.378789
17,0.0,1258.0,12.378917
17,0.0,1258.0,12.378995
17,0.0,1258.0,12.379072
17,0.0,1258.0,12.379146
17,0.0,41.0,12.37967
17,0.0,41.0,12.379738
17,0.0,1258.0,12.390637
17,0.0,41.0,12.391339
17,0.0,1258.0,12.395304
17,0.0,1258.0,12.395433
17,0.0,1258.0,12.395512
17,0.0,1258.0,12.395587
17,0.0,41.0,12.395662
17,0.0,1258.0,12.395782
17,0.0,41.0,12.395862
17,0.0,1258.0,12.395958
17,0.0,1258.0,12.396038
17,0.0,1258.0,12.396112
17,0.0,41.0,12.396792
17,0.0,41.0,12.396884
17,0.0,1258.0,12.399408
17,0.0,1258.0,12.399538
17,0.0,1258.0,12.399647
17,0.0,1258.0,12.399722
17,0.0,41.0,12.399797
17,0.0,1258.0,12.399904
17,0.0,41.0,12.4
17,0.0,1258.0,12.406549
17,0.0,41.0,12.407161
17,0.0,1258.0,12.411452
17,0.0,1258.0,12.411589
17,0.0,1258.0,12.411698
17,0.0,1258.0,12.411775
17,0.0,1258.0,12.41185
17,0.0,41.0,12.411937
17,0.0,41.0,12.412063
17,0.0,1258.0,12.412155
17,0.0,1258.0,12.412239
17,0.0,1258.0,12.412314
17,0.0,1258.0,12.412398
17,0.0,1258.0,12.412476
17,0.0,1258.0,12.412546
17,0.0,41.0,12.41262
17,0.0,1258.0,12.412719
17,0.0,41.0,12.412812
17,0.0,1258.0,12.412905
17,0.0,1258.0,12.412984
17,0.0,1258.0,12.413069
17,0.0,1258.0,12.413167
17,0.0,1258.0,12.413334
17,0.0,1258.0,12.413418
17,0.0,1258.0,12.413502
17,0.0,1258.0,12.413576
17,0.0,1258.0,12.413647
17,0.0,1258.0,12.416718
17,0.0,1258.0,12.416848
17,0.0,1258.0,12.416928
17,0.0,1258.0,12.417026
17,0.0,46.0,12.421077
17,0.0,1258.0,12.425106
17,0.0,1258.0,12.425281
17,0.0,1258.0,12.425407
17,0.0,1258.0,12.425485
17,0.0,1258.0,12.425561
17,0.0,1258.0,12.425645
17,0.0,1258.0,12.425719
17,0.0,1258.0,12.42579
17,0.0,1258.0,12.42587
17,0.0,1258.0,12.425951
17,0.0,1258.0,12.426024
17,0.0,1258.0,12.428816
17,0.0,1258.0,12.429003
17,0.0,1258.0,12.429086
17,0.0,1258.0,12.42916
17,0.0,1258.0,12.429403
17,0.0,1258.0,12.429586
17,0.0,1258.0,12.429663
17,0.0,1258.0,12.429749
17,0.0,42.0,12.43395
17,0.0,1258.0,12.434723
17,0.0,1258.0,12.43487
17,0.0,1258.0,12.434967
17,0.0,1258.0,12.435046
17,0.0,1258.0,12.435122
17,0.0,1258.0,12.435211
17,0.0,1258.0,12.440828
17,0.0,1258.0,12.440973
17,0.0,1258.0,12.441072
17,0.0,1258.0,12.441153
17,0.0,1258.0,12.441326
17,0.0,1258.0,12.441449
17,0.0,1258.0,12.44154
17,0.0,1258.0,12.441623
17,0.0,1258.0,12.441696
17,0.0,1258.0,12.441781
17,0.0,42.0,12.442788
17,0.0,1258.0,12.45807
17,0.0,1258.0,12.458211
17,0.0,1258.0,12.45831
17,0.0,1258.0,12.460666
17,0.0,42.0,12.46661
17,0.0,1258.0,12.472251
17,0.0,1258.0,12.476704
17,0.0,42.0,12.480773
17,0.0,1258.0,12.491902
17,0.0,1258.0,12.496664
17,0.0,1258.0,12.496887
17,0.0,1258.0,12.496942
17,0.0,1258.0,12.496993
17,0.0,1258.0,12.497047
17,0.0,1258.0,12.497095
17,0.0,42.0,12.500585
17,0.0,1258.0,12.503224
17,0.0,1258.0,12.50335
17,0.0,1258.0,12.503397
17,0.0,1258.0,12.50343
17,0.0,1258.0,12.503458
17,0.0,1258.0,12.508726
17,0.0,1258.0,12.50883
17,0.0,41.0,12.511436
17,0.0,1258.0,12.515677
17,0.0,1258.0,12.515885
17,0.0,1258.0,12.515947
17,0.0,1258.0,12.515999
17,0.0,1258.0,12.520772
17,0.0,1258.0,12.520892
17,0.0,1258.0,12.520949
17,0.0,1258.0,12.521012
17,0.0,41.0,12.523964
17,0.0,1258.0,12.528585
17,0.0,1258.0,12.529207
17,0.0,1258.0,12.529388
17,0.0,1258.0,12.529452
17,0.0,41.0,12.536545
17,0.0,1258.0,12.542714
17,0.0,41.0,12.550873
17,0.0,1258.0,12.553064
17,0.0,1258.0,12.553373
17,0.0,1258.0,12.553471
17,0.0,1258.0,12.553564
17,0.0,1258.0,12.553642
17,0.0,41.0,12.560984
17,0.0,1258.0,12.567952
17,0.0,1258.0,12.5709
17,0.0,1258.0,12.571047
17,0.0,1258.0,12.571132
17,0.0,1258.0,12.571208
17,0.0,41.0,12.57631
17,0.0,1258.0,12.578717
17,0.0,1258.0,12.582664
17,0.0,41.0,12.58883
17,0.0,1258.0,12.589947
17,0.0,1258.0,12.59011
17,0.0,1258.0,12.590195
17,0.0,42.0,12.598646
17,0.0,1258.0,12.601909
17,0.0,1258.0,12.606771
17,0.0,1258.0,12.607034
17,0.0,1258.0,12.607103
17,0.0,1258.0,12.607181
17,0.0,1258.0,12.607245
17,0.0,1258.0,12.60731
17,0.0,1258.0,12.607384
17,0.0,1258.0,12.607445
17,0.0,1258.0,12.607503
17,0.0,1258.0,12.607575
17,0.0,1258.0,12.609652
17,0.0,1258.0,12.609735
17,0.0,41.0,12.610486
17,0.0,1258.0,12.614985
17,0.0,1258.0,12.615217
17,0.0,1258.0,12.61527
17,0.0,1258.0,12.615318
17,0.0,1258.0,12.621993
17,0.0,1258.0,12.622087
17,0.0,1258.0,12.622136
17,0.0,1258.0,12.622195
17,0.0,1258.0,12.622243
17,0.0,1258.0,12.622286
17,0.0,1258.0,12.622336
17,0.0,41.0,12.622915
17,0.0,1258.0,12.626828
17,0.0,1258.0,12.627103
17,0.0,1258.0,12.627174
17,0.0,1258.0,12.627226
17,0.0,1258.0,12.627275
17,0.0,1258.0,12.627333
17,0.0,1258.0,12.627382
17,0.0,1258.0,12.627432
17,0.0,1258.0,12.632662
17,0.0,1258.0,12.632766
17,0.0,1258.0,12.632828
17,0.0,1258.0,12.632895
17,0.0,42.0,12.635768
17,0.0,1258.0,12.643536
17,0.0,1258.0,12.65071
17,0.0,1258.0,12.650856
17,0.0,1258.0,12.65096
17,0.0,1258.0,12.651041
17,0.0,1258.0,12.651118
17,0.0,41.0,12.651793
17,0.0,1258.0,12.654826
17,0.0,1258.0,12.654962
17,0.0,1258.0,12.655045
17,0.0,1258.0,12.655132
17,0.0,1258.0,12.655209
17,0.0,1258.0,12.655284
17,0.0,1258.0,12.655372
17,0.0,42.0,12.659434
17,0.0,1258.0,12.660811
17,0.0,1258.0,12.661052
17,0.0,1258.0,12.661157
17,0.0,1258.0,12.661364
17,0.0,1258.0,12.661454
17,0.0,1258.0,12.661546
17,0.0,1258.0,12.661727
17,0.0,1258.0,12.661804
17,0.0,1258.0,12.66189
17,0.0,1258.0,12.661967
17,0.0,1258.0,12.662043
17,0.0,1258.0,12.666783
17,0.0,1258.0,12.666933
17,0.0,1258.0,12.66702
17,0.0,1258.0,12.667097
17,0.0,1258.0,12.667187
17,0.0,1258.0,12.667266
17,0.0,1258.0,12.667342
17,0.0,1258.0,12.667429
17,0.0,1258.0,12.667505
17,0.0,42.0,12.668965
17,0.0,1258.0,12.669705
17,0.0,739.0,12.669932
17,0.0,1258.0,12.674705
17,0.0,47.0,12.678246
17,0.0,1258.0,12.686715
17,0.0,1258.0,12.689621
17,0.0,1258.0,12.689814
17,0.0,1258.0,12.689912
17,0.0,42.0,12.695548
17,0.0,1258.0,12.695741
17,0.0,1258.0,12.700747
17,0.0,1258.0,12.700884
17,0.0,1258.0,12.700965
17,0.0,1258.0,12.701052
17,0.0,1258.0,12.701125
17,0.0,1258.0,12.701201
17,0.0,1258.0,12.701387
17,0.0,42.0,12.703525
17,0.0,677.0,12.706841
17,0.0,42.0,12.715019
17,0.0,34.0,12.730875
6,0.0,0.0,15.374605
17,0.0,776.0,20.38616
17,0.0,763.0,20.386327
17,0.0,1254.0,20.386395
17,0.0,299.0,20.386417
17,0.0,1254.0,20.38643
17,0.0,299.0,20.38644
17,0.0,37.0,20.470757
17,0.0,34.0,20.470835
17,0.0,38.0,20.474558
17,0.0,41.0,20.478958
17,0.0,34.0,20.480556
17,0.0,117.0,20.480617
17,0.0,44.0,20.481694
17,0.0,1254.0,20.486513
17,0.0,1258.0,20.486633
17,0.0,1258.0,20.486674
17,0.0,1258.0,20.486701
17,0.0,1258.0,20.486723
17,0.0,1258.0,20.486745
17,0.0,41.0,20.494108
17,0.0,1258.0,20.501497
17,0.0,41.0,20.509756
17,0.0,1258.0,20.512621
17,0.0,1258.0,20.5127
17,0.0,1258.0,20.518595
17,0.0,41.0,20.520352
17,0.0,1258.0,20.524546
17,0.0,1258.0,20.52961
17,0.0,41.0,20.532697
17,0.0,1258.0,20.535377
17,0.0,1258.0,20.540561
17,0.0,41.0,20.543306
17,0.0,1258.0,20.546618
17,0.0,1258.0,20.552595
17,0.0,41.0,20.554184
17,0.0,1258.0,20.558578
17,0.0,1258.0,20.564593
17,0.0,1258.0,20.564628
17,0.0,41.0,20.566822
17,0.0,1258.0,20.581737
17,0.0,1258.0,20.586641
17,0.0,41.0,20.589704
17,0.0,1258.0,20.592765
17,0.0,1258.0,20.598575
17,0.0,41.0,20.600379
17,0.0,1258.0,20.604568
17,0.0,1258.0,20.609563
17,0.0,1258.0,20.609622
17,0.0,41.0,20.612159
17,0.0,1258.0,20.614567
17,0.0,41.0,20.622433
17,0.0,41.0,20.628739
17,0.0,1258.0,20.632462
17,0.0,1258.0,20.636529
17,0.0,41.0,20.640034
17,0.0,1258.0,20.65247
17,0.0,1258.0,20.656476
17,0.0,41.0,20.660076
17,0.0,1258.0,20.662566
17,0.0,44.0,20.66333
17,0.0,1258.0,20.668772
17,0.0,1258.0,20.668862
17,0.0,1258.0,20.674585
17,0.0,1258.0,20.674655
17,0.0,1258.0,20.674674
17,0.0,41.0,20.677199
17,0.0,1258.0,20.679628
17,0.0,1258.0,20.679703
17,0.0,1258.0,20.679727
17,0.0,1258.0,20.67974
17,0.0,1258.0,20.684548
17,0.0,1258.0,20.68459
17,0.0,41.0,20.687187
17,0.0,1258.0,20.689579
17,0.0,1258.0,20.68967
17,0.0,1258.0,20.689695
17,0.0,1258.0,20.689708
17,0.0,1258.0,20.694623
17,0.0,41.0,20.697507
17,0.0,1258.0,20.700587
17,0.0,1258.0,20.700635
17,0.0,1258.0,20.704296
17,0.0,1258.0,20.704334
17,0.0,41.0,20.708691
17,0.0,1258.0,20.711456
17,0.0,1258.0,20.716725
17,0.0,41.0,20.719568
17,0.0,1258.0,20.72271
17,0.0,1258.0,20.722781
17,0.0,1258.0,20.728646
17,0.0,1258.0,20.728709
17,0.0,42.0,20.730674
17,0.0,1258.0,20.73465
17,0.0,1258.0,20.740631
17,0.0,42.0,20.742283
17,0.0,1258.0,20.746605
17,0.0,1258.0,20.752597
17,0.0,1258.0,20.752679
17,0.0,42.0,20.754181
17,0.0,1258.0,20.758702
17,0.0,1258.0,20.758821
17,0.0,1258.0,20.764604
17,0.0,42.0,20.766389
17,0.0,1258.0,20.769398
17,0.0,1258.0,20.774582
17,0.0,42.0,20.77749
17,0.0,1258.0,20.780608
17,0.0,42.0,20.788197
17,0.0,1258.0,20.791553
17,0.0,1258.0,20.796642
17,0.0,1258.0,20.796727
17,0.0,1258.0,20.796762
17,0.0,1258.0,20.79679
17,0.0,42.0,20.799322
17,0.0,34.0,20.802678
17,0.0,1258.0,20.802771
17,0.0,1258.0,20.802797
17,0.0,1258.0,20.808602
17,0.0,1258.0,20.808673
17,0.0,42.0,20.81043
17,0.0,1258.0,20.814626
17,0.0,1258.0,20.820586
17,0.0,1258.0,20.820643
17,0.0,1258.0,20.820666
17,0.0,42.0,20.822404
17,0.0,1258.0,20.826619
17,0.0,1258.0,20.832611
17,0.0,1258.0,20.832686
17,0.0,42.0,20.834167
17,0.0,1258.0,20.838564
17,0.0,1258.0,20.838628
17,0.0,1258.0,20.844592
17,0.0,42.0,20.84691
17,0.0,1258.0,20.856604
17,0.0,1258.0,20.859376
17,0.0,1258.0,20.859498
17,0.0,1258.0,20.859531
17,0.0,1258.0,20.859558
17,0.0,1258.0,20.859582
17,0.0,42.0,20.864472
17,0.0,1258.0,20.864531
17,0.0,1258.0,20.870574
17,0.0,42.0,20.87229
17,0.0,1258.0,20.876627
17,0.0,1258.0,20.876709
17,0.0,1258.0,20.882606
17,0.0,42.0,20.884388
17,0.0,1258.0,20.888577
17,0.0,1258.0,20.888675
17,0.0,47.0,20.896338
17,0.0,1258.0,20.906493
17,0.0,1258.0,20.909556
17,0.0,1258.0,20.909622
17,0.0,42.0,20.914423
17,0.0,1258.0,20.9255
17,0.0,42.0,20.933689
17,0.0,1258.0,20.934687
17,0.0,1258.0,20.93475
17,0.0,1258.0,20.940645
17,0.0,1258.0,20.940709
17,0.0,42.0,20.942216
17,0.0,1258.0,20.946561
17,0.0,1258.0,20.94929
17,0.0,42.0,20.953843
17,0.0,1258.0,20.956306
17,0.0,42.0,20.964026
17,0.0,1258.0,20.966595
17,0.0,1258.0,20.972632
17,0.0,42.0,20.974852
17,0.0,1258.0,20.978613
17,0.0,1258.0,20.984587
17,0.0,42.0,20.98629
17,0.0,1258.0,20.990596
17,0.0,1258.0,20.996517
17,0.0,42.0,20.998062
17,0.0,1258.0,21.00252
17,0.0,1258.0,21.008599
17,0.0,42.0,21.011044
17,0.0,1258.0,21.014585
17,0.0,1258.0,21.020555
17,0.0,42.0,21.022153
17,0.0,1258.0,21.035575
17,0.0,1258.0,21.040565
17,0.0,42.0,21.043216
17,0.0,1258.0,21.046627
17,0.0,1258.0,21.046723
17,0.0,1258.0,21.046761
17,0.0,1258.0,21.052668
17,0.0,42.0,21.054404
17,0.0,1258.0,21.058573
17,0.0,1258.0,21.064557
17,0.0,42.0,21.066238
17,0.0,1258.0,21.069481
17,0.0,1258.0,21.074632
17,0.0,1258.0,21.074755
17,0.0,42.0,21.07776
17,0.0,1258.0,21.080476
17,0.0,1258.0,21.086647
17,0.0,1258.0,21.086771
17,0.0,42.0,21.088664
17,0.0,1258.0,21.092639
17,0.0,1258.0,21.092782
17,0.0,1258.0,21.098576
17,0.0,42.0,21.100094
17,0.0,1258.0,21.106535
17,0.0,42.0,21.114524
17,0.0,1258.0,21.114635
17,0.0,1258.0,21.120603
17,0.0,1258.0,21.120683
17,0.0,42.0,21.122407
17,0.0,1258.0,21.12658
17,0.0,1258.0,21.129345
17,0.0,42.0,21.13396
17,0.0,1258.0,21.134642
17,0.0,1258.0,21.141167
17,0.0,1258.0,21.141882
17,0.0,47.0,21.143972
17,0.0,1258.0,21.148565
17,0.0,1258.0,21.150815
17,0.0,1258.0,21.154721
17,0.0,42.0,21.156866
17,0.0,1258.0,21.161098
17,0.0,1258.0,21.161466
17,0.0,1258.0,21.166689
17,0.0,42.0,21.168932
17,0.0,1258.0,21.173577
17,0.0,42.0,21.181949
17,0.0,1258.0,21.182227
17,0.0,42.0,21.190534
17,0.0,1258.0,21.195602
17,0.0,1258.0,21.201632
17,0.0,42.0,21.209935
17,0.0,1258.0,21.210347
17,0.0,1258.0,21.210652
17,0.0,1258.0,21.210798
17,0.0,1258.0,21.215774
17,0.0,42.0,21.219309
17,0.0,1258.0,21.225678
17,0.0,42.0,21.233529
17,0.0,1258.0,21.234568
17,0.0,1258.0,21.234659
17,0.0,1258.0,21.23471
17,0.0,1258.0,21.240708
17,0.0,42.0,21.243201
17,0.0,1258.0,21.265735
17,0.0,1258.0,21.271425
17,0.0,1258.0,21.271818
17,0.0,1258.0,21.271945
17,0.0,42.0,21.273889
17,0.0,1258.0,21.277732
17,0.0,1258.0,21.282909
17,0.0,1258.0,21.283098
17,0.0,1258.0,21.28327
17,0.0,42.0,21.285718
17,0.0,1258.0,21.290181
17,0.0,1258.0,21.291317
17,0.0,1258.0,21.295663
17,0.0,42.0,21.299155
17,0.0,1258.0,21.300718
17,0.0,1258.0,21.306647
17,0.0,36.0,21.306843
17,0.0,42.0,21.309034
17,0.0,1258.0,21.313429
17,0.0,1258.0,21.319034
17,0.0,42.0,21.322049
17,0.0,1258.0,21.336926
17,0.0,1258.0,21.340792
17,0.0,42.0,21.346265
17,0.0,1258.0,21.349082
17,0.0,1258.0,21.352737
17,0.0,42.0,21.357723
17,0.0,1258.0,21.362764
17,0.0,42.0,21.37098
17,0.0,1258.0,21.372902
17,0.0,42.0,21.381777
17,0.0,1258.0,21.383425
17,0.0,1258.0,21.389715
17,0.0,42.0,21.391745
17,0.0,1258.0,21.39484
17,0.0,1258.0,21.400782
17,0.0,1258.0,21.400991
17,0.0,42.0,21.404033
17,0.0,1258.0,21.406833
17,0.0,1258.0,21.409823
17,0.0,47.0,21.415784
17,0.0,1258.0,21.417709
17,0.0,42.0,21.425846
17,0.0,1258.0,21.426092
17,0.0,1258.0,21.429206
17,0.0,1258.0,21.429746
17,0.0,42.0,21.43466
17,0.0,1258.0,21.447941
17,0.0,1258.0,21.449797
17,0.0,1258.0,21.45006
17,0.0,1258.0,21.450216
17,0.0,42.0,21.456443
17,0.0,1258.0,21.457305
17,0.0,1258.0,21.466715
17,0.0,41.0,21.468039
17,0.0,1258.0,21.46962
17,0.0,1258.0,21.474771
17,0.0,42.0,21.478097
17,0.0,1258.0,21.480869
17,0.0,1258.0,21.486791
17,0.0,1258.0,21.48699
17,0.0,42.0,21.489964
17,0.0,1258.0,21.490907
17,0.0,1258.0,21.494717
17,0.0,42.0,21.498761
17,0.0,1258.0,21.501144
17,0.0,1258.0,21.506719
17,0.0,42.0,21.509102
17,0.0,1258.0,21.514171
17,0.0,1258.0,21.518642
17,0.0,42.0,21.522005
17,0.0,1258.0,21.525522
17,0.0,975.0,21.525649
17,0.0,1258.0,21.525746
17,0.0,1258.0,21.529653
17,0.0,42.0,21.533792
17,0.0,1258.0,21.540654
17,0.0,1258.0,21.54461
17,0.0,1258.0,21.544779
17,0.0,1258.0,21.544828
17,0.0,1258.0,21.544875
17,0.0,1258.0,21.544919
17,0.0,42.0,21.548629
17,0.0,1258.0,21.551175
17,0.0,1258.0,21.557596
17,0.0,42.0,21.559087
17,0.0,1258.0,21.562761
17,0.0,1258.0,21.562868
17,0.0,1258.0,21.568719
17,0.0,1258.0,21.568831
17,0.0,42.0,21.570428
17,0.0,1258.0,21.575683
17,0.0,1258.0,21.580829
17,0.0,42.0,21.583903
17,0.0,1258.0,21.58684
17,0.0,1258.0,21.587419
17,0.0,1258.0,21.593922
17,0.0,41.0,21.594466
17,0.0,1258.0,21.598717
17,0.0,1258.0,21.598832
17,0.0,1258.0,21.5989
17,0.0,1258.0,21.604668
17,0.0,1258.0,21.604878
17,0.0,1258.0,21.604947
17,0.0,42.0,21.606733
17,0.0,1258.0,21.61107
17,0.0,1258.0,21.611254
17,0.0,1258.0,21.616822
17,0.0,42.0,21.619696
17,0.0,1258.0,21.638332
17,0.0,1258.0,21.643062
17,0.0,42.0,21.646106
17,0.0,1258.0,21.652243
17,0.0,1258.0,21.654638
17,0.0,42.0,21.660722
17,0.0,1258.0,21.660856
17,0.0,1258.0,21.660941
17,0.0,47.0,21.667433
17,0.0,1258.0,21.672841
17,0.0,1258.0,21.676617
17,0.0,42.0,21.681599
17,0.0,1258.0,21.691825
17,0.0,42.0,21.700622
17,0.0,1258.0,21.719337
17,0.0,42.0,21.727731
17,0.0,1258.0,21.736815
17,0.0,1258.0,21.740755
17,0.0,43.0,21.744883
17,0.0,1258.0,21.747408
17,0.0,1258.0,21.754134
17,0.0,43.0,21.756057
17,0.0,1258.0,21.75878
17,0.0,1258.0,21.765141
17,0.0,43.0,21.766499
17,0.0,1258.0,21.771816
17,0.0,1258.0,21.777055
17,0.0,43.0,21.780484
17,0.0,1258.0,21.783457
17,0.0,42.0,21.791983
17,0.0,1258.0,21.802814
17,0.0,42.0,21.811266
17,0.0,1258.0,21.812841
17,0.0,1258.0,21.818722
17,0.0,42.0,21.820859
17,0.0,1258.0,21.825209
17,0.0,1258.0,21.830735
17,0.0,42.0,21.833939
17,0.0,1258.0,21.843696
17,0.0,42.0,21.851619
17,0.0,1258.0,21.852719
17,0.0,1258.0,21.858686
17,0.0,42.0,21.860748
17,0.0,1258.0,21.866613
17,0.0,42.0,21.874681
17,0.0,1258.0,21.874875
17,0.0,1258.0,21.880889
17,0.0,42.0,21.882776
17,0.0,1258.0,21.886855
17,0.0,1258.0,21.887309
17,0.0,1258.0,21.893093
17,0.0,1258.0,21.893504
17,0.0,41.0,21.894409
17,0.0,1258.0,21.898778
17,0.0,1258.0,21.904642
17,0.0,42.0,21.907151
17,0.0,1258.0,21.911973
17,0.0,42.0,21.919931
17,0.0,1258.0,21.922759
17,0.0,1258.0,21.928676
17,0.0,42.0,21.930764
17,0.0,1258.0,21.934854
17,0.0,1258.0,21.940922
17,0.0,47.0,21.943133
17,0.0,1258.0,21.946917
17,0.0,1258.0,21.94714
17,0.0,1258.0,21.955713
17,0.0,42.0,21.956271
17,0.0,42.0,21.964193
17,0.0,1258.0,21.970808
17,0.0,42.0,21.979197
17,0.0,1258.0,21.981317
17,0.0,1258.0,21.981689
17,0.0,43.0,21.99012
17,0.0,1258.0,21.993327
17,0.0,1258.0,21.996745
17,0.0,43.0,22.001866
17,0.0,1258.0,22.002988
17,0.0,1258.0,22.010288
17,0.0,42.0,22.011617
17,0.0,1258.0,22.02176
17,0.0,587.0,22.027009
17,0.0,34.0,22.027124
17,0.0,35.0,22.027188
17,0.0,36.0,22.027246
17,0.0,42.0,22.030191
17,0.0,229.0,28.844088
17,0.0,225.0,28.848844
17,0.0,228.0,28.850766
17,0.0,229.0,28.935223
17,0.0,35.0,28.937091
17,0.0,36.0,28.93761
17,0.0,43.0,28.939118
17,0.0,35.0,28.950785
17,0.0,36.0,28.956094
17,0.0,43.0,28.957529
17,0.0,34.0,28.967818
17,0.0,35.0,28.973152
17,0.0,36.0,28.978809
17,0.0,34.0,28.97894
17,0.0,43.0,28.980253
17,0.0,33.0,29.042234
17,0.0,33.0,29.080585
17,0.0,771.0,30.526566
17,0.0,764.0,30.527204
17,0.0,1254.0,30.527645
17,0.0,299.0,30.527726
17,0.0,1254.0,30.527788
17,0.0,299.0,30.527891
17,0.0,37.0,30.631387
17,0.0,41.0,30.639871
17,0.0,38.0,30.640941
17,0.0,124.0,30.641175
17,0.0,1254.0,30.641396
17,0.0,1258.0,30.641541
17,0.0,44.0,30.643336
17,0.0,1258.0,30.646913
17,0.0,1258.0,30.647158
17,0.0,1258.0,30.647485
17,0.0,1258.0,30.647592
17,0.0,1258.0,30.647688
17,0.0,41.0,30.652134
17,0.0,1258.0,30.65347
17,0.0,1258.0,30.653578
17,0.0,1258.0,30.654762
17,0.0,1258.0,30.654867
17,0.0,1258.0,30.654931
17,0.0,1258.0,30.660699
17,0.0,1258.0,30.660806
17,0.0,1258.0,30.66087
17,0.0,1258.0,30.66093
17,0.0,1258.0,30.660986
17,0.0,1258.0,30.661042
17,0.0,41.0,30.661106
17,0.0,1258.0,30.666504
17,0.0,1258.0,30.666671
17,0.0,1258.0,30.666726
17,0.0,41.0,30.668736
17,0.0,1258.0,30.673526
17,0.0,1258.0,30.673695
17,0.0,1258.0,30.673807
17,0.0,1258.0,30.673903
17,0.0,1258.0,30.673998
17,0.0,1258.0,30.674094
17,0.0,1258.0,30.674194
17,0.0,1258.0,30.674292
17,0.0,1258.0,30.674382
17,0.0,1258.0,30.674472
17,0.0,44.0,30.675951
17,0.0,1258.0,30.678984
17,0.0,1258.0,30.679106
17,0.0,1258.0,30.679185
17,0.0,1258.0,30.679259
17,0.0,41.0,30.682956
17,0.0,1258.0,30.686665
17,0.0,1258.0,30.690749
17,0.0,1258.0,30.690892
17,0.0,41.0,30.694681
17,0.0,1258.0,30.696766
17,0.0,1258.0,30.702823
17,0.0,1258.0,30.703029
17,0.0,41.0,30.704656
17,0.0,1258.0,30.709204
17,0.0,1258.0,30.709652
17,0.0,1258.0,30.714924
17,0.0,41.0,30.717177
17,0.0,1258.0,30.718764
17,0.0,1258.0,30.724909
17,0.0,41.0,30.726926
17,0.0,1258.0,30.729648
17,0.0,1258.0,30.735572
17,0.0,41.0,30.737642
17,0.0,1258.0,30.739749
17,0.0,1258.0,30.746325
17,0.0,41.0,30.749877
17,0.0,1258.0,30.750206
17,0.0,1258.0,30.750309
17,0.0,1258.0,30.750714
17,0.0,1258.0,30.75079
17,0.0,1258.0,30.750843
17,0.0,1258.0,30.756791
17,0.0,1258.0,30.756866
17,0.0,1258.0,30.756913
17,0.0,41.0,30.757527
17,0.0,1258.0,30.762745
17,0.0,1258.0,30.762874
17,0.0,1258.0,30.762935
17,0.0,42.0,30.765336
17,0.0,1258.0,30.768775
17,0.0,1258.0,30.775748
17,0.0,41.0,30.776374
17,0.0,1258.0,30.7809
17,0.0,1258.0,30.781067
17,0.0,1258.0,30.787243
17,0.0,1258.0,30.787531
17,0.0,42.0,30.789436
17,0.0,1258.0,30.792788
17,0.0,1258.0,30.792886
17,0.0,1258.0,30.79294
17,0.0,1258.0,30.79905
17,0.0,1258.0,30.799301
17,0.0,41.0,30.802638
17,0.0,1258.0,30.80486
17,0.0,1258.0,30.804993
17,0.0,1258.0,30.805072
17,0.0,42.0,30.809904
17,0.0,1258.0,30.811586
17,0.0,1258.0,30.811716
17,0.0,1258.0,30.814762
17,0.0,1258.0,30.814826
17,0.0,1258.0,30.814846
17,0.0,42.0,30.819669
17,0.0,1258.0,30.822267
17,0.0,1258.0,30.822331
17,0.0,1258.0,30.828251
17,0.0,1258.0,30.82841
17,0.0,1258.0,30.828506
17,0.0,42.0,30.830069
17,0.0,1258.0,30.832818
17,0.0,1258.0,30.838753
17,0.0,1258.0,30.838863
17,0.0,42.0,30.840397
17,0.0,1258.0,30.844757
17,0.0,1258.0,30.844852
17,0.0,1258.0,30.8507
17,0.0,1258.0,30.850841
17,0.0,42.0,30.852867
17,0.0,1258.0,30.856891
17,0.0,1258.0,30.862855
17,0.0,1258.0,30.863023
17,0.0,1258.0,30.863121
17,0.0,42.0,30.865571
17,0.0,1258.0,30.868827
17,0.0,1258.0,30.869049
17,0.0,1258.0,30.874772
17,0.0,1258.0,30.875031
17,0.0,42.0,30.876968
17,0.0,1258.0,30.88077
17,0.0,1258.0,30.880913
17,0.0,1258.0,30.880996
17,0.0,1258.0,30.886718
17,0.0,1258.0,30.886848
17,0.0,47.0,30.888711
17,0.0,1258.0,30.892794
17,0.0,1258.0,30.898693
17,0.0,1258.0,30.898784
17,0.0,42.0,30.900684
17,0.0,1258.0,30.904794
17,0.0,1258.0,30.90494
17,0.0,1258.0,30.905022
17,0.0,1258.0,30.905095
17,0.0,1258.0,30.911433
17,0.0,1258.0,30.912037
17,0.0,1258.0,30.912136
17,0.0,41.0,30.912218
17,0.0,1258.0,30.912558
17,0.0,1258.0,30.912644
17,0.0,1258.0,30.912711
17,0.0,1258.0,30.912775
17,0.0,1258.0,30.91682
17,0.0,1258.0,30.916955
17,0.0,1258.0,30.917023
17,0.0,1258.0,30.917088
17,0.0,42.0,30.920218
17,0.0,1258.0,30.923031
17,0.0,1258.0,30.92316
17,0.0,1258.0,30.923215
17,0.0,1258.0,30.923279
17,0.0,1258.0,30.929022
17,0.0,42.0,30.930927
17,0.0,1258.0,30.934843
17,0.0,42.0,30.942663
17,0.0,1258.0,30.946643
17,0.0,1258.0,30.950562
17,0.0,1258.0,30.950802
17,0.0,1258.0,30.950855
17,0.0,42.0,30.954856
17,0.0,1258.0,30.954926
17,0.0,42.0,30.96257
17,0.0,1258.0,30.971065
17,0.0,1258.0,30.975474
17,0.0,1258.0,30.975651
17,0.0,42.0,30.979728
17,0.0,1258.0,30.980881
17,0.0,1258.0,30.981056
17,0.0,42.0,30.989176
17,0.0,1258.0,30.992813
17,0.0,42.0,31.001199
17,0.0,1258.0,31.002928
17,0.0,1258.0,31.008753
17,0.0,42.0,31.01116
17,0.0,1258.0,31.014678
17,0.0,1258.0,31.019265
17,0.0,42.0,31.023269
17,0.0,1258.0,31.026598
17,0.0,42.0,31.035613
17,0.0,1258.0,31.036879
17,0.0,1258.0,31.037142
17,0.0,1258.0,31.045211
17,0.0,41.0,31.046244
17,0.0,1258.0,31.046449
17,0.0,1258.0,31.046532
17,0.0,1258.0,31.046584
17,0.0,1258.0,31.048695
17,0.0,42.0,31.055217
17,0.0,1258.0,31.055355
17,0.0,1258.0,31.060846
17,0.0,1258.0,31.060964
17,0.0,42.0,31.063888
17,0.0,1258.0,31.0669
17,0.0,1258.0,31.066972
17,0.0,1258.0,31.066997
17,0.0,1258.0,31.067011
17,0.0,1258.0,31.067024
17,0.0,1258.0,31.072854
17,0.0,42.0,31.07476
17,0.0,1258.0,31.082925
17,0.0,1258.0,31.090223
17,0.0,1258.0,31.090763
17,0.0,1258.0,31.090829
17,0.0,1258.0,31.090878
17,0.0,1258.0,31.090924
17,0.0,41.0,31.090974
17,0.0,1258.0,31.09142
17,0.0,1258.0,31.091486
17,0.0,1258.0,31.091677
17,0.0,42.0,31.098322
17,0.0,1258.0,31.102729
17,0.0,1258.0,31.106776
17,0.0,1258.0,31.106886
17,0.0,47.0,31.110535
17,0.0,1258.0,31.113676
17,0.0,1258.0,31.118803
17,0.0,1258.0,31.11892
17,0.0,1258.0,31.118983
17,0.0,1258.0,31.11904
17,0.0,1258.0,31.119097
17,0.0,42.0,31.121924
17,0.0,1258.0,31.12477
17,0.0,1258.0,31.124888
17,0.0,1258.0,31.12495
17,0.0,1258.0,31.129516
17,0.0,42.0,31.132997
17,0.0,1258.0,31.135155
17,0.0,1258.0,31.135297
17,0.0,1258.0,31.135382
17,0.0,1258.0,31.135461
17,0.0,1258.0,31.140721
17,0.0,1258.0,31.14096
17,0.0,1258.0,31.141034
17,0.0,1258.0,31.141101
17,0.0,1258.0,31.141169
17,0.0,1258.0,31.141328
17,0.0,42.0,31.14288
17,0.0,1258.0,31.146863
17,0.0,1258.0,31.146971
17,0.0,1258.0,31.14704
17,0.0,1258.0,31.147101
17,0.0,1258.0,31.14719
17,0.0,1258.0,31.147253
17,0.0,1258.0,31.147409
17,0.0,1258.0,31.147482
17,0.0,1258.0,31.14755
17,0.0,1258.0,31.147615
17,0.0,1258.0,31.147686
17,0.0,1258.0,31.149762
17,0.0,1258.0,31.149873
17,0.0,1258.0,31.149947
17,0.0,1258.0,31.150015
17,0.0,1258.0,31.150081
17,0.0,1258.0,31.150147
17,0.0,1258.0,31.154956
17,0.0,42.0,31.155065
17,0.0,1258.0,31.1552
17,0.0,1253.0,31.155277
17,0.0,1258.0,31.155346
17,0.0,1258.0,31.155411
17,0.0,1258.0,31.155476
17,0.0,1258.0,31.155543
17,0.0,1258.0,31.15561
17,0.0,1258.0,31.160732
17,0.0,1258.0,31.160862
17,0.0,1258.0,31.160936
17,0.0,1258.0,31.161003
17,0.0,1258.0,31.161069
17,0.0,42.0,31.163127
17,0.0,1258.0,31.166728
17,0.0,1258.0,31.166957
17,0.0,1258.0,31.167035
17,0.0,1258.0,31.167106
17,0.0,1258.0,31.169848
17,0.0,42.0,31.174744
17,0.0,1258.0,31.174861
17,0.0,1258.0,31.180793
17,0.0,1258.0,31.180935
17,0.0,1258.0,31.181028
17,0.0,42.0,31.182985
17,0.0,1258.0,31.1869
17,0.0,1258.0,31.187096
17,0.0,1258.0,31.187205
17,0.0,1258.0,31.1873
17,0.0,1258.0,31.187395
17,0.0,1258.0,31.187496
17,0.0,1258.0,31.189714
17,0.0,1258.0,31.189905
17,0.0,42.0,31.194746
17,0.0,1258.0,31.194856
17,0.0,1258.0,31.194948
17,0.0,1258.0,31.194994
17,0.0,1258.0,31.195026
17,0.0,1258.0,31.195055
17,0.0,1258.0,31.195081
17,0.0,1258.0,31.195108
17,0.0,1258.0,31.195135
17,0.0,1258.0,31.195162
17,0.0,1258.0,31.195187
17,0.0,1258.0,31.195213
17,0.0,1258.0,31.200867
17,0.0,1258.0,31.201033
17,0.0,1258.0,31.201121
17,0.0,1258.0,31.201194
17,0.0,1258.0,31.20132
17,0.0,1258.0,31.201413
17,0.0,1258.0,31.201581
17,0.0,1258.0,31.20175
17,0.0,1258.0,31.201851
17,0.0,41.0,31.20246
17,0.0,1258.0,31.206929
17,0.0,1258.0,31.207125
17,0.0,1258.0,31.207231
17,0.0,1258.0,31.207324
17,0.0,1258.0,31.207418
17,0.0,1258.0,31.210003
17,0.0,1258.0,31.210143
17,0.0,1258.0,31.214971
17,0.0,1258.0,31.215142
17,0.0,1258.0,31.215229
17,0.0,1258.0,31.215306
17,0.0,1258.0,31.215379
17,0.0,41.0,31.216248
17,0.0,1258.0,31.220789
17,0.0,1258.0,31.221033
17,0.0,1258.0,31.221126
17,0.0,1258.0,31.221207
17,0.0,42.0,31.223369
17,0.0,1258.0,31.22714
17,0.0,1258.0,31.227347
17,0.0,1258.0,31.227455
17,0.0,1258.0,31.227549
17,0.0,870.0,31.227642
17,0.0,34.0,31.227735
17,0.0,42.0,31.235007
6,0.0,0.0,31.501936
17,0.0,771.0,41.164693
17,0.0,764.0,41.166324
17,0.0,1254.0,41.166516
17,0.0,299.0,41.166587
17,0.0,1254.0,41.166728
17,0.0,299.0,41.166846
17,0.0,37.0,41.271234
17,0.0,34.0,41.271774
17,0.0,38.0,41.274941
17,0.0,117.0,41.275141
17,0.0,1254.0,41.275381
17,0.0,1258.0,41.275512
17,0.0,1258.0,41.275633
17,0.0,1258.0,41.275751
17,0.0,44.0,41.276592
17,0.0,1258.0,41.281132
17,0.0,1258.0,41.281511
17,0.0,1258.0,41.281654
17,0.0,1258.0,41.281779
17,0.0,1258.0,41.281899
17,0.0,1258.0,41.282017
17,0.0,1258.0,41.282134
17,0.0,1258.0,41.282257
17,0.0,1258.0,41.282377
17,0.0,1258.0,41.282532
17,0.0,1258.0,41.282665
17,0.0,1258.0,41.282786
17,0.0,41.0,41.288832
17,0.0,1258.0,41.289064
17,0.0,1258.0,41.289162
17,0.0,1258.0,41.290273
17,0.0,1258.0,41.290362
17,0.0,1258.0,41.290427
17,0.0,1258.0,41.290488
17,0.0,1258.0,41.290548
17,0.0,1258.0,41.290609
17,0.0,1258.0,41.290673
17,0.0,1258.0,41.290737
17,0.0,1258.0,41.290931
17,0.0,1258.0,41.294737
17,0.0,1258.0,41.294905
17,0.0,1258.0,41.294962
17,0.0,1258.0,41.295006
17,0.0,1258.0,41.295052
17,0.0,1258.0,41.295096
17,0.0,44.0,41.295445
17,0.0,1258.0,41.302563
17,0.0,1258.0,41.30264
17,0.0,41.0,41.302914
17,0.0,1258.0,41.307229
17,0.0,1258.0,41.307393
17,0.0,1258.0,41.307483
17,0.0,1258.0,41.30755
17,0.0,1258.0,41.307615
17,0.0,1258.0,41.307677
17,0.0,1258.0,41.307835
17,0.0,1258.0,41.30797
17,0.0,1258.0,41.30804
17,0.0,1258.0,41.308104
17,0.0,1258.0,41.308166
17,0.0,1258.0,41.30829
17,0.0,1258.0,41.308356
17,0.0,1258.0,41.308419
17,0.0,41.0,41.310839
17,0.0,1258.0,41.311151
17,0.0,1258.0,41.311237
17,0.0,1258.0,41.311286
17,0.0,1258.0,41.314893
17,0.0,1258.0,41.315019
17,0.0,1258.0,41.315082
17,0.0,1258.0,41.315141
17,0.0,1258.0,41.315197
17,0.0,1258.0,41.315253
17,0.0,1258.0,41.315309
17,0.0,1258.0,41.315367
17,0.0,1258.0,41.315424
17,0.0,41.0,41.319172
17,0.0,1258.0,41.320892
17,0.0,41.0,41.328961
17,0.0,1258.0,41.331244
17,0.0,1258.0,41.334863
17,0.0,42.0,41.338914
17,0.0,1258.0,41.340834
17,0.0,1258.0,41.340989
17,0.0,1258.0,41.341071
17,0.0,1258.0,41.341145
17,0.0,1258.0,41.346723
17,0.0,42.0,41.349035
17,0.0,1258.0,41.353316
17,0.0,1258.0,41.35889
17,0.0,1258.0,41.35908
17,0.0,1258.0,41.359203
17,0.0,42.0,41.361651
17,0.0,1258.0,41.375684
17,0.0,1258.0,41.382731
17,0.0,1258.0,41.382859
17,0.0,1258.0,41.382939
17,0.0,1258.0,41.383002
17,0.0,1258.0,41.38307
17,0.0,41.0,41.383147
17,0.0,1258.0,41.383315
17,0.0,1258.0,41.38338
17,0.0,1258.0,41.383546
17,0.0,1258.0,41.383853
17,0.0,1258.0,41.383944
17,0.0,1258.0,41.38813
17,0.0,1258.0,41.388248
17,0.0,1258.0,41.388336
17,0.0,1258.0,41.388401
17,0.0,41.0,41.391263
17,0.0,1258.0,41.392727
17,0.0,1258.0,41.392852
17,0.0,1258.0,41.392903
17,0.0,1258.0,41.392948
17,0.0,1258.0,41.392992
17,0.0,1258.0,41.398791
17,0.0,1258.0,41.398919
17,0.0,1258.0,41.398973
17,0.0,41.0,41.400158
17,0.0,1258.0,41.404728
17,0.0,1258.0,41.404898
17,0.0,1258.0,41.411491
17,0.0,1258.0,41.41162
17,0.0,1258.0,41.411684
17,0.0,41.0,41.412272
17,0.0,1258.0,41.414781
17,0.0,1258.0,41.414896
17,0.0,1258.0,41.422562
17,0.0,1258.0,41.422744
17,0.0,41.0,41.422913
17,0.0,1258.0,41.426721
17,0.0,1258.0,41.426801
17,0.0,1258.0,41.426847
17,0.0,42.0,41.430586
17,0.0,1258.0,41.432724
17,0.0,1258.0,41.432867
17,0.0,1258.0,41.438893
17,0.0,1258.0,41.439025
17,0.0,1258.0,41.439101
17,0.0,42.0,41.441017
17,0.0,1258.0,41.445183
17,0.0,1258.0,41.445455
17,0.0,1258.0,41.450748
17,0.0,1258.0,41.450947
17,0.0,1258.0,41.451021
17,0.0,1258.0,41.451089
17,0.0,1258.0,41.451155
17,0.0,42.0,41.453849
17,0.0,1258.0,41.456976
17,0.0,1258.0,41.457114
17,0.0,1258.0,41.458741
17,0.0,1258.0,41.458864
17,0.0,1258.0,41.458941
17,0.0,1258.0,41.459012
17,0.0,1258.0,41.45908
17,0.0,1258.0,41.45927
17,0.0,1258.0,41.459351
17,0.0,1258.0,41.459424
17,0.0,1258.0,41.459493
17,0.0,42.0,41.464659
17,0.0,1258.0,41.464887
17,0.0,1258.0,41.464965
17,0.0,1258.0,41.465012
17,0.0,1258.0,41.465051
17,0.0,1258.0,41.465082
17,0.0,1258.0,41.465109
17,0.0,1258.0,41.465133
17,0.0,1258.0,41.465158
17,0.0,1258.0,41.465183
17,0.0,1258.0,41.465206
17,0.0,1258.0,41.465267
17,0.0,1258.0,41.470975
17,0.0,1258.0,41.471096
17,0.0,1258.0,41.471165
17,0.0,1258.0,41.471228
17,0.0,1258.0,41.471288
17,0.0,1258.0,41.471348
17,0.0,1258.0,41.471408
17,0.0,1258.0,41.471469
17,0.0,1258.0,41.47153
17,0.0,1258.0,41.471592
17,0.0,1258.0,41.47165
17,0.0,1258.0,41.471709
17,0.0,1258.0,41.471768
17,0.0,1258.0,41.471828
17,0.0,42.0,41.473571
17,0.0,1258.0,41.482623
17,0.0,1258.0,41.48678
17,0.0,1258.0,41.487043
17,0.0,1258.0,41.48713
17,0.0,1258.0,41.487201
17,0.0,1258.0,41.489557
17,0.0,41.0,41.490234
17,0.0,1258.0,41.50565
17,0.0,1258.0,41.510421
17,0.0,1258.0,41.51059
17,0.0,1258.0,41.510685
17,0.0,1258.0,41.510768
17,0.0,1258.0,41.510847
17,0.0,1258.0,41.510927
17,0.0,1258.0,41.511011
17,0.0,1258.0,41.511091
17,0.0,1258.0,41.511169
17,0.0,1258.0,41.511246
17,0.0,1258.0,41.511327
17,0.0,1258.0,41.511407
17,0.0,1258.0,41.511488
17,0.0,1258.0,41.511566
17,0.0,1258.0,41.511645
17,0.0,1258.0,41.511723
17,0.0,1258.0,41.511801
17,0.0,1258.0,41.51188
17,0.0,1258.0,41.511958
17,0.0,1258.0,41.512034
17,0.0,1258.0,41.512112
17,0.0,1258.0,41.512193
17,0.0,1258.0,41.512273
17,0.0,1258.0,41.512355
17,0.0,1258.0,41.512436
17,0.0,1258.0,41.512518
17,0.0,1258.0,41.512598
17,0.0,1258.0,41.512682
17,0.0,1258.0,41.512766
17,0.0,1258.0,41.512848
17,0.0,1258.0,41.512928
17,0.0,41.0,41.513012
17,0.0,1258.0,41.513177
17,0.0,1258.0,41.513399
17,0.0,1258.0,41.513771
17,0.0,1258.0,41.513898
17,0.0,1258.0,41.514044
17,0.0,1258.0,41.514133
17,0.0,1258.0,41.514242
17,0.0,1258.0,41.514323
17,0.0,1258.0,41.514403
17,0.0,1258.0,41.514482
17,0.0,1258.0,41.514557
17,0.0,1258.0,41.514634
17,0.0,1258.0,41.514709
17,0.0,1258.0,41.514785
17,0.0,1258.0,41.514863
17,0.0,1258.0,41.514939
17,0.0,1258.0,41.515013
17,0.0,1258.0,41.515088
17,0.0,1258.0,41.515164
17,0.0,1258.0,41.515243
17,0.0,1258.0,41.515321
17,0.0,1258.0,41.515395
17,0.0,47.0,41.521177
17,0.0,1258.0,41.522649
17,0.0,1258.0,41.52719
17,0.0,1258.0,41.527364
17,0.0,1258.0,41.527501
17,0.0,1258.0,41.527598
17,0.0,1258.0,41.52769
17,0.0,1258.0,41.527994
17,0.0,1258.0,41.528147
17,0.0,1258.0,41.528246
17,0.0,1258.0,41.528341
17,0.0,1258.0,41.528433
17,0.0,1258.0,41.528525
17,0.0,1258.0,41.528618
17,0.0,1258.0,41.528714
17,0.0,1258.0,41.528804
17,0.0,1258.0,41.528892
17,0.0,1258.0,41.528983
17,0.0,1258.0,41.529073
17,0.0,1258.0,41.529509
17,0.0,1258.0,41.529629
17,0.0,1258.0,41.529731
17,0.0,1258.0,41.529826
17,0.0,1258.0,41.529912
17,0.0,1258.0,41.529998
17,0.0,41.0,41.530097
17,0.0,1258.0,41.530276
17,0.0,1258.0,41.530385
17,0.0,1258.0,41.53048
17,0.0,1258.0,41.530574
17,0.0,1258.0,41.530669
17,0.0,1258.0,41.530757
17,0.0,1258.0,41.530846
17,0.0,1258.0,41.530932
17,0.0,1258.0,41.531019
17,0.0,1258.0,41.53111
17,0.0,1258.0,41.531201
17,0.0,1258.0,41.531294
17,0.0,1258.0,41.531381
17,0.0,1258.0,41.531469
17,0.0,1258.0,41.531556
17,0.0,1258.0,41.531644
17,0.0,1258.0,41.531732
17,0.0,1258.0,41.531822
17,0.0,1258.0,41.531948
17,0.0,731.0,41.532043
17,0.0,42.0,41.538341
17,0.0,34.0,41.555484
17,0.0,771.0,53.798399
17,0.0,764.0,53.804398
17,0.0,1254.0,53.804545
17,0.0,299.0,53.804603
17,0.0,1254.0,53.804637
17,0.0,299.0,53.804669
17,0.0,221.0,53.943566
17,0.0,225.0,53.944007
17,0.0,224.0,53.944361
17,0.0,37.0,53.973985
17,0.0,37.0,53.980249
17,0.0,41.0,53.982114
17,0.0,34.0,53.984427
17,0.0,1258.0,53.98455
17,0.0,1258.0,53.984625
17,0.0,1258.0,53.984693
17,0.0,44.0,53.985114
17,0.0,1258.0,53.990111
17,0.0,1258.0,53.99026
17,0.0,1258.0,53.990341
17,0.0,1258.0,53.990414
17,0.0,41.0,53.99293
17,0.0,1258.0,53.996255
17,0.0,38.0,53.99636
17,0.0,35.0,53.996431
17,0.0,1258.0,53.996508
17,0.0,36.0,53.996566
17,0.0,36.0,53.996617
17,0.0,1258.0,53.996682
17,0.0,1258.0,53.996754
17,0.0,1258.0,53.996824
17,0.0,43.0,53.9969
17,0.0,1258.0,53.997024
17,0.0,1258.0,53.997103
17,0.0,1258.0,53.997175
17,0.0,1258.0,53.997349
17,0.0,43.0,53.997432
17,0.0,1258.0,53.997537
17,0.0,1258.0,53.997618
17,0.0,1258.0,53.997691
17,0.0,1258.0,53.997763
17,0.0,1258.0,54.00195
17,0.0,1258.0,54.002044
17,0.0,1258.0,54.0021
17,0.0,41.0,54.003649
17,0.0,1258.0,54.008188
17,0.0,1258.0,54.008274
17,0.0,1258.0,54.008313
17,0.0,1258.0,54.008338
17,0.0,1258.0,54.008362
17,0.0,1258.0,54.008384
17,0.0,1258.0,54.008405
17,0.0,1258.0,54.008426
17,0.0,1258.0,54.008448
17,0.0,1258.0,54.00847
17,0.0,1258.0,54.008491
17,0.0,1258.0,54.008511
17,0.0,1258.0,54.008532
17,0.0,1258.0,54.008554
17,0.0,1258.0,54.008575
17,0.0,1258.0,54.008597
17,0.0,1258.0,54.00862
17,0.0,1258.0,54.008644
17,0.0,1258.0,54.008667
17,0.0,1258.0,54.008688
17,0.0,1258.0,54.00871
17,0.0,44.0,54.009606
17,0.0,1258.0,54.015993
17,0.0,1258.0,54.016135
17,0.0,41.0,54.016945
17,0.0,1258.0,54.018331
17,0.0,1258.0,54.018434
17,0.0,1258.0,54.01848
17,0.0,1258.0,54.018512
17,0.0,1258.0,54.018538
17,0.0,1258.0,54.024314
17,0.0,35.0,54.024395
17,0.0,41.0,54.024461
17,0.0,1258.0,54.024613
17,0.0,36.0,54.024683
17,0.0,1258.0,54.024744
17,0.0,1258.0,54.024806
17,0.0,1258.0,54.024869
17,0.0,1258.0,54.024928
17,0.0,1258.0,54.024996
17,0.0,1258.0,54.025067
17,0.0,43.0,54.025134
17,0.0,1258.0,54.025386
17,0.0,1258.0,54.025468
17,0.0,1258.0,54.025911
17,0.0,1258.0,54.025998
17,0.0,1258.0,54.026065
17,0.0,1258.0,54.026127
17,0.0,1258.0,54.026201
17,0.0,1258.0,54.026269
17,0.0,1258.0,54.026426
17,0.0,1258.0,54.026498
17,0.0,1258.0,54.028576
17,0.0,1258.0,54.028653
17,0.0,1258.0,54.028707
17,0.0,1258.0,54.028762
17,0.0,1258.0,54.028807
17,0.0,1258.0,54.02885
17,0.0,1258.0,54.028892
17,0.0,1258.0,54.028944
17,0.0,1258.0,54.029029
17,0.0,42.0,54.031794
17,0.0,1258.0,54.034751
17,0.0,1258.0,54.03484
17,0.0,1258.0,54.03489
17,0.0,1258.0,54.034935
17,0.0,1258.0,54.034978
17,0.0,1258.0,54.035021
17,0.0,1258.0,54.035065
17,0.0,1258.0,54.035108
17,0.0,1258.0,54.035151
17,0.0,1258.0,54.035195
17,0.0,1258.0,54.035239
17,0.0,1258.0,54.035283
17,0.0,1258.0,54.038437
17,0.0,1258.0,54.038583
17,0.0,1258.0,54.03864
17,0.0,1258.0,54.038714
17,0.0,1258.0,54.038765
17,0.0,1258.0,54.038814
17,0.0,1258.0,54.038865
17,0.0,1258.0,54.038913
17,0.0,1258.0,54.038963
17,0.0,1258.0,54.039032
17,0.0,42.0,54.042719
17,0.0,1258.0,54.045021
17,0.0,1258.0,54.045133
17,0.0,1258.0,54.045188
17,0.0,1258.0,54.045277
17,0.0,1258.0,54.04533
17,0.0,1258.0,54.050004
17,0.0,1258.0,54.050108
17,0.0,1258.0,54.050158
17,0.0,1258.0,54.050205
17,0.0,1258.0,54.050251
17,0.0,1258.0,54.050296
17,0.0,1258.0,54.05034
17,0.0,1258.0,54.050384
17,0.0,1258.0,54.050428
17,0.0,1258.0,54.050473
17,0.0,42.0,54.052607
17,0.0,1258.0,54.05551
17,0.0,33.0,54.055635
17,0.0,33.0,54.055681
17,0.0,1258.0,54.055732
17,0.0,1258.0,54.055778
17,0.0,1258.0,54.055823
17,0.0,1258.0,54.055868
17,0.0,1258.0,54.055914
17,0.0,1258.0,54.05596
17,0.0,1258.0,54.056004
17,0.0,1258.0,54.056049
17,0.0,1258.0,54.059944
17,0.0,1258.0,54.060037
17,0.0,1258.0,54.060089
17,0.0,1258.0,54.060137
17,0.0,1258.0,54.060187
17,0.0,1258.0,54.060236
17,0.0,42.0,54.062963
17,0.0,1258.0,54.065992
17,0.0,1258.0,54.066121
17,0.0,1258.0,54.066172
17,0.0,1258.0,54.066217
17,0.0,1258.0,54.066261
17,0.0,1258.0,54.066306
17,0.0,1258.0,54.06635
17,0.0,1258.0,54.066395
17,0.0,1258.0,54.06644
17,0.0,1258.0,54.06651
17,0.0,1258.0,54.072017
17,0.0,1258.0,54.072123
17,0.0,1258.0,54.072188
17,0.0,1258.0,54.07225
17,0.0,1258.0,54.072311
17,0.0,1258.0,54.072373
17,0.0,1258.0,54.072459
17,0.0,1258.0,54.072522
17,0.0,1258.0,54.072585
17,0.0,1258.0,54.072668
17,0.0,41.0,54.07352
17,0.0,1258.0,54.082535
17,0.0,1258.0,54.084204
17,0.0,1258.0,54.084347
17,0.0,1258.0,54.085141
17,0.0,1258.0,54.085472
17,0.0,1258.0,54.085552
17,0.0,1258.0,54.085605
17,0.0,1258.0,54.085652
17,0.0,1258.0,54.085717
17,0.0,1258.0,54.085767
17,0.0,1258.0,54.085814
17,0.0,1258.0,54.085859
17,0.0,1258.0,54.085906
17,0.0,1258.0,54.085953
17,0.0,1258.0,54.086
17,0.0,1258.0,54.086047
17,0.0,1258.0,54.086093
17,0.0,1258.0,54.086142
17,0.0,1258.0,54.086189
17,0.0,1258.0,54.086235
17,0.0,1258.0,54.086282
17,0.0,1258.0,54.086329
17,0.0,1258.0,54.086376
17,0.0,1258.0,54.086421
17,0.0,1258.0,54.086466
17,0.0,1258.0,54.086512
17,0.0,1258.0,54.090138
17,0.0,1258.0,54.090238
17,0.0,1258.0,54.090286
17,0.0,1258.0,54.09033
17,0.0,1258.0,54.090373
17,0.0,1258.0,54.090416
17,0.0,1258.0,54.090461
17,0.0,41.0,54.090512
17,0.0,1258.0,54.090621
17,0.0,1258.0,54.095658
17,0.0,1258.0,54.095777
17,0.0,1258.0,54.095834
17,0.0,1258.0,54.095882
17,0.0,1258.0,54.09593
17,0.0,1258.0,54.095978
17,0.0,1258.0,54.096024
17,0.0,1258.0,54.09607
17,0.0,1258.0,54.096118
17,0.0,1258.0,54.096164
17,0.0,42.0,54.097918
17,0.0,1258.0,54.100049
17,0.0,1258.0,54.100477
17,0.0,1258.0,54.106497
17,0.0,1258.0,54.106629
17,0.0,42.0,54.107578
17,0.0,1258.0,54.112873
17,0.0,1258.0,54.112992
17,0.0,1258.0,54.113043
17,0.0,1258.0,54.113088
17,0.0,1258.0,54.113133
17,0.0,1258.0,54.11318
17,0.0,1258.0,54.113276
17,0.0,1258.0,54.113341
17,0.0,1258.0,54.113387
17,0.0,1258.0,54.113431
17,0.0,1258.0,54.113475
17,0.0,1258.0,54.113539
17,0.0,1258.0,54.113585
17,0.0,1258.0,54.113633
17,0.0,1258.0,54.113684
17,0.0,1258.0,54.113728
17,0.0,1258.0,54.113772
17,0.0,1258.0,54.113816
17,0.0,1258.0,54.11386
17,0.0,1258.0,54.113903
17,0.0,1258.0,54.113946
17,0.0,1258.0,54.113988
17,0.0,1258.0,54.119339
17,0.0,42.0,54.120836
17,0.0,1258.0,54.124085
17,0.0,1258.0,54.124198
17,0.0,1258.0,54.124266
17,0.0,1258.0,54.124331
17,0.0,1258.0,54.124392
17,0.0,1258.0,54.124455
17,0.0,1258.0,54.124516
17,0.0,1258.0,54.124578
17,0.0,1258.0,54.124645
17,0.0,1258.0,54.124999
17,0.0,1258.0,54.125108
17,0.0,1258.0,54.12519
17,0.0,1258.0,54.125375
17,0.0,1258.0,54.125456
17,0.0,1258.0,54.130135
17,0.0,33.0,54.130374
17,0.0,1258.0,54.130461
17,0.0,1258.0,54.130532
17,0.0,1258.0,54.1306
17,0.0,1258.0,54.130665
17,0.0,1258.0,54.130734
17,0.0,1258.0,54.130799
17,0.0,1258.0,54.130864
17,0.0,1258.0,54.130927
17,0.0,1258.0,54.130993
17,0.0,1258.0,54.131059
17,0.0,1258.0,54.131124
17,0.0,1258.0,54.131189
17,0.0,1258.0,54.131256
17,0.0,1258.0,54.131321
17,0.0,41.0,54.131391
17,0.0,1258.0,54.131568
17,0.0,1258.0,54.131644
17,0.0,1258.0,54.131714
17,0.0,1258.0,54.13178
17,0.0,1258.0,54.131845
17,0.0,360.0,54.131911
17,0.0,1258.0,54.131979
17,0.0,1258.0,54.132046
17,0.0,1258.0,54.132111
17,0.0,1258.0,54.132177
17,0.0,1258.0,54.135329
17,0.0,1258.0,54.135495
17,0.0,1258.0,54.135578
17,0.0,1258.0,54.135651
17,0.0,1258.0,54.135735
17,0.0,1258.0,54.135809
17,0.0,1258.0,54.135879
17,0.0,1258.0,54.135959
17,0.0,1258.0,54.136031
17,0.0,1258.0,54.136103
17,0.0,661.0,54.136181
17,0.0,38.0,54.136252
17,0.0,42.0,54.139632
17,0.0,1258.0,56.460898
17,0.0,81.0,56.462387
17,0.0,1258.0,56.599858
17,0.0,1258.0,56.600031
17,0.0,795.0,56.600065
17,0.0,203.0,56.600085
17,0.0,33.0,56.600103
17,0.0,86.0,56.601132
17,0.0,41.0,56.601383
17,0.0,720.0,56.602371
17,0.0,1254.0,56.602433
17,0.0,1258.0,56.602461
17,0.0,1258.0,56.602481
17,0.0,1258.0,56.602501
17,0.0,1258.0,56.602521
17,0.0,1258.0,56.60254
17,0.0,771.0,56.602556
17,0.0,128.0,56.666715
17,0.0,37.0,56.681517
17,0.0,33.0,56.681615
17,0.0,42.0,56.682238
17,0.0,33.0,56.686262
17,0.0,34.0,56.711605
17,0.0,345.0,56.726443
17,0.0,222.0,56.726545
17,0.0,43.0,56.728711
17,0.0,41.0,56.753442
17,0.0,33.0,56.82084
17,0.0,769.0,63.929678
17,0.0,771.0,63.930253
17,0.0,1254.0,63.930417
17,0.0,298.0,63.930491
17,0.0,1254.0,63.930666
17,0.0,298.0,63.931355
17,0.0,37.0,64.006404
17,0.0,34.0,64.006731
17,0.0,41.0,64.015122
17,0.0,38.0,64.016703
17,0.0,117.0,64.016888
17,0.0,1254.0,64.016984
17,0.0,1258.0,64.017067
17,0.0,44.0,64.018172
17,0.0,1258.0,64.022169
17,0.0,1258.0,64.022338
17,0.0,1258.0,64.022433
17,0.0,1258.0,64.02252
17,0.0,1258.0,64.022604
17,0.0,1258.0,64.022687
17,0.0,1258.0,64.022771
17,0.0,1258.0,64.022854
17,0.0,1258.0,64.022936
17,0.0,1258.0,64.023019
17,0.0,1258.0,64.023102
17,0.0,1258.0,64.023184
17,0.0,1258.0,64.023267
17,0.0,1258.0,64.02335
17,0.0,1258.0,64.023435
17,0.0,1258.0,64.023516
17,0.0,1258.0,64.023598
17,0.0,1258.0,64.023683
17,0.0,1258.0,64.023765
17,0.0,41.0,64.026406
17,0.0,1258.0,64.026574
17,0.0,1258.0,64.026717
17,0.0,1258.0,64.027347
17,0.0,1258.0,64.027449
17,0.0,1258.0,64.027543
17,0.0,1258.0,64.027634
17,0.0,1258.0,64.02771
17,0.0,1258.0,64.03
17,0.0,1258.0,64.030104
17,0.0,1258.0,64.030159
17,0.0,1258.0,64.030211
17,0.0,1258.0,64.03026
17,0.0,1258.0,64.030312
17,0.0,1258.0,64.030361
17,0.0,1258.0,64.030412
17,0.0,1258.0,64.030461
17,0.0,44.0,64.030961
17,0.0,1258.0,64.035986
17,0.0,1258.0,64.036088
17,0.0,1258.0,64.036144
17,0.0,1258.0,64.036194
17,0.0,1258.0,64.036243
17,0.0,1258.0,64.036291
17,0.0,1258.0,64.03634
17,0.0,1258.0,64.036387
17,0.0,1258.0,64.036434
17,0.0,1258.0,64.036481
17,0.0,1258.0,64.03653
17,0.0,1258.0,64.036576
17,0.0,1258.0,64.036623
17,0.0,41.0,64.038641
17,0.0,1258.0,64.042158
17,0.0,1258.0,64.042402
17,0.0,1258.0,64.042559
17,0.0,1258.0,64.042625
17,0.0,1258.0,64.042688
17,0.0,1258.0,64.042753
17,0.0,1258.0,64.042815
17,0.0,1258.0,64.042879
17,0.0,1258.0,64.042959
17,0.0,1258.0,64.043024
17,0.0,1258.0,64.043113
17,0.0,1258.0,64.043203
17,0.0,1258.0,64.043264
17,0.0,1258.0,64.043324
17,0.0,1258.0,64.045938
17,0.0,1258.0,64.046017
17,0.0,1258.0,64.046068
17,0.0,1258.0,64.046117
17,0.0,1258.0,64.046165
17,0.0,1258.0,64.050022
17,0.0,42.0,64.050121
17,0.0,1258.0,64.050242
17,0.0,1258.0,64.050297
17,0.0,1258.0,64.050345
17,0.0,1258.0,64.050392
17,0.0,1258.0,64.050438
17,0.0,1258.0,64.050487
17,0.0,1258.0,64.050532
17,0.0,1258.0,64.050577
17,0.0,1258.0,64.050623
17,0.0,1258.0,64.05587
17,0.0,1258.0,64.055986
17,0.0,1258.0,64.056062
17,0.0,1258.0,64.056134
17,0.0,1258.0,64.056207
17,0.0,1258.0,64.056303
17,0.0,1258.0,64.056394
17,0.0,1258.0,64.056485
17,0.0,1258.0,64.056578
17,0.0,41.0,64.056653
17,0.0,1258.0,64.056763
17,0.0,1258.0,64.062083
17,0.0,1258.0,64.06227
17,0.0,1258.0,64.062371
17,0.0,1258.0,64.062459
17,0.0,1258.0,64.062546
17,0.0,1258.0,64.06263
17,0.0,1258.0,64.062715
17,0.0,1258.0,64.062798
17,0.0,1258.0,64.062883
17,0.0,1258.0,64.062984
17,0.0,1258.0,64.063088
17,0.0,41.0,64.063749
17,0.0,1258.0,64.06619
17,0.0,1258.0,64.066358
17,0.0,1258.0,64.066453
17,0.0,1258.0,64.066543
17,0.0,1258.0,64.06663
17,0.0,1258.0,64.066715
17,0.0,1258.0,64.066865
17,0.0,1258.0,64.070003
17,0.0,1258.0,64.070123
17,0.0,1258.0,64.070191
17,0.0,1258.0,64.070256
17,0.0,1258.0,64.07032
17,0.0,41.0,64.070413
17,0.0,603.0,64.070545
17,0.0,42.0,64.078112
17,0.0,1258.0,64.101911
17,0.0,42.0,64.109401
17,0.0,1258.0,64.112321
17,0.0,1258.0,64.112515
17,0.0,1258.0,64.112628
17,0.0,1258.0,64.11842
17,0.0,42.0,64.120083
17,0.0,1258.0,64.141941
17,0.0,1258.0,64.142168
17,0.0,1258.0,64.148584
17,0.0,41.0,64.149409
17,0.0,1258.0,64.149598
17,0.0,1258.0,64.149692
17,0.0,42.0,64.156608
17,0.0,1258.0,64.189812
17,0.0,1258.0,64.189933
17,0.0,1258.0,64.194025
17,0.0,1258.0,64.194127
17,0.0,1258.0,64.194175
17,0.0,42.0,64.197085
17,0.0,1258.0,64.229994
17,0.0,1258.0,64.230384
17,0.0,1258.0,64.234013
17,0.0,1258.0,64.234149
17,0.0,1258.0,64.23423
17,0.0,42.0,64.237177
17,0.0,1258.0,64.262138
17,0.0,1258.0,64.265993
17,0.0,1258.0,64.266152
17,0.0,1258.0,64.266249
17,0.0,1258.0,64.266339
17,0.0,42.0,64.269577
17,0.0,1258.0,64.30162
17,0.0,1258.0,64.301902
17,0.0,1258.0,64.306202
17,0.0,1258.0,64.306395
17,0.0,1258.0,64.306503
17,0.0,1258.0,64.306597
17,0.0,1258.0,64.30669
17,0.0,1258.0,64.306781
17,0.0,1258.0,64.306873
17,0.0,1258.0,64.306963
17,0.0,1258.0,64.307052
17,0.0,1258.0,64.307145
17,0.0,42.0,64.310705
17,0.0,1258.0,64.312307
17,0.0,1258.0,64.31249
17,0.0,1258.0,64.312603
17,0.0,1258.0,64.312697
17,0.0,1258.0,64.31279
17,0.0,1258.0,64.312885
17,0.0,1258.0,64.312983
17,0.0,1258.0,64.313077
17,0.0,1258.0,64.313172
17,0.0,1258.0,64.313339
17,0.0,1258.0,64.313463
17,0.0,1258.0,64.313577
17,0.0,1258.0,64.313694
17,0.0,1258.0,64.313787
17,0.0,1258.0,64.313867
17,0.0,1258.0,64.318088
17,0.0,1258.0,64.318311
17,0.0,1258.0,64.318397
17,0.0,1258.0,64.318476
17,0.0,1258.0,64.318551
17,0.0,1258.0,64.318627
17,0.0,1258.0,64.318702
17,0.0,1258.0,64.318777
17,0.0,1258.0,64.318852
17,0.0,1258.0,64.318928
17,0.0,1258.0,64.319001
17,0.0,41.0,64.319085
17,0.0,1258.0,64.319287
17,0.0,1258.0,64.319402
17,0.0,1258.0,64.324292
17,0.0,1258.0,64.324432
17,0.0,1258.0,64.324511
17,0.0,1258.0,64.324583
17,0.0,1258.0,64.324652
17,0.0,1258.0,64.324722
17,0.0,1258.0,64.324795
17,0.0,1258.0,64.324868
17,0.0,1258.0,64.324941
17,0.0,1258.0,64.325012
17,0.0,1258.0,64.325095
17,0.0,1258.0,64.325185
17,0.0,1258.0,64.325408
17,0.0,1258.0,64.325483
17,0.0,41.0,64.325786
17,0.0,1258.0,64.325902
17,0.0,1258.0,64.325966
17,0.0,1258.0,64.326001
17,0.0,1258.0,64.326033
17,0.0,1258.0,64.330057
17,0.0,1258.0,64.330185
17,0.0,1258.0,64.330248
17,0.0,1258.0,64.330307
17,0.0,1258.0,64.330365
17,0.0,1258.0,64.330424
17,0.0,42.0,64.33337
17,0.0,1258.0,64.336434
17,0.0,1258.0,64.336563
17,0.0,1258.0,64.336622
17,0.0,1258.0,64.336672
17,0.0,1258.0,64.336722
17,0.0,1258.0,64.336771
17,0.0,1258.0,64.336824
17,0.0,1258.0,64.336872
17,0.0,1258.0,64.33692
17,0.0,1258.0,64.33697
17,0.0,1258.0,64.337019
17,0.0,1258.0,64.337067
17,0.0,1258.0,64.337118
17,0.0,1258.0,64.33717
17,0.0,1258.0,64.340228
17,0.0,1258.0,64.340332
17,0.0,1258.0,64.340393
17,0.0,1258.0,64.340444
17,0.0,1258.0,64.340491
17,0.0,1258.0,64.34054
17,0.0,1258.0,64.340588
17,0.0,1258.0,64.340638
17,0.0,42.0,64.343584
17,0.0,1258.0,64.346238
17,0.0,1258.0,64.346383
17,0.0,1258.0,64.346441
17,0.0,1258.0,64.346491
17,0.0,1258.0,64.34654
17,0.0,1258.0,64.346597
17,0.0,1258.0,64.346657
17,0.0,1258.0,64.346707
17,0.0,1258.0,64.346938
17,0.0,1258.0,64.347044
17,0.0,1258.0,64.347099
17,0.0,1258.0,64.347148
17,0.0,1258.0,64.349967
17,0.0,1258.0,64.350099
17,0.0,1258.0,64.350162
17,0.0,1258.0,64.35021
17,0.0,1258.0,64.350259
17,0.0,42.0,64.354587
17,0.0,1258.0,64.357689
17,0.0,1258.0,64.362032
17,0.0,1258.0,64.362255
17,0.0,1258.0,64.362307
17,0.0,1258.0,64.362351
17,0.0,1258.0,64.362395
17,0.0,1258.0,64.362439
17,0.0,1258.0,64.362484
17,0.0,1258.0,64.362528
17,0.0,1258.0,64.362571
17,0.0,1258.0,64.362615
17,0.0,1258.0,64.362659
17,0.0,1258.0,64.362704
17,0.0,1258.0,64.362748
17,0.0,1258.0,64.362791
17,0.0,1258.0,64.362836
17,0.0,1020.0,64.36288
17,0.0,47.0,64.364579
17,0.0,34.0,64.396749
6,0.0,0.0,65.902196
17,0.0,764.0,76.065431
17,0.0,771.0,76.065814
17,0.0,1254.0,76.065948
17,0.0,299.0,76.066005
17,0.0,1254.0,76.066045
17,0.0,299.0,76.066084
17,0.0,37.0,76.146238
17,0.0,34.0,76.146643
17,0.0,38.0,76.150412
17,0.0,41.0,76.155996
17,0.0,117.0,76.156659
17,0.0,1254.0,76.156826
17,0.0,44.0,76.158221
17,0.0,1258.0,76.162182
17,0.0,1258.0,76.162317
17,0.0,1258.0,76.162408
17,0.0,1258.0,76.162491
17,0.0,1258.0,76.162572
17,0.0,1258.0,76.162654
17,0.0,1258.0,76.165311
17,0.0,1258.0,76.165418
17,0.0,1258.0,76.165504
17,0.0,1258.0,76.165588
17,0.0,41.0,76.16568
17,0.0,1258.0,76.165847
17,0.0,1258.0,76.165945
17,0.0,1258.0,76.166078
17,0.0,1258.0,76.166164
17,0.0,1258.0,76.166288
17,0.0,1258.0,76.169958
17,0.0,1258.0,76.170101
17,0.0,1258.0,76.170191
17,0.0,1258.0,76.170303
17,0.0,1258.0,76.170389
17,0.0,1258.0,76.170504
17,0.0,41.0,76.172979
17,0.0,1258.0,76.175355
17,0.0,1258.0,76.175515
17,0.0,1258.0,76.175606
17,0.0,1258.0,76.175686
17,0.0,1258.0,76.175767
17,0.0,1258.0,76.175845
17,0.0,44.0,76.183854
17,0.0,1258.0,76.183955
17,0.0,1258.0,76.184023
17,0.0,1258.0,76.184056
17,0.0,1258.0,76.184083
17,0.0,1258.0,76.184108
17,0.0,1258.0,76.184128
17,0.0,1258.0,76.186386
17,0.0,1258.0,76.186492
17,0.0,1258.0,76.186548
17,0.0,1258.0,76.1866
17,0.0,1258.0,76.186652
17,0.0,1258.0,76.189997
17,0.0,1258.0,76.190126
17,0.0,1258.0,76.190202
17,0.0,1258.0,76.190272
17,0.0,1258.0,76.190341
17,0.0,41.0,76.191014
17,0.0,1258.0,76.195405
17,0.0,1258.0,76.199978
17,0.0,1258.0,76.200144
17,0.0,1258.0,76.20023
17,0.0,41.0,76.203174
17,0.0,1258.0,76.205907
17,0.0,1258.0,76.206134
17,0.0,1258.0,76.20626
17,0.0,1258.0,76.206371
17,0.0,1258.0,76.210199
17,0.0,1258.0,76.210417
17,0.0,1258.0,76.210543
17,0.0,1258.0,76.210655
17,0.0,1258.0,76.210766
17,0.0,1258.0,76.210874
17,0.0,1258.0,76.210976
17,0.0,1258.0,76.21115
17,0.0,1258.0,76.211258
17,0.0,1258.0,76.211364
17,0.0,42.0,76.2135
17,0.0,1258.0,76.219861
17,0.0,1258.0,76.220031
17,0.0,1258.0,76.220115
17,0.0,1258.0,76.220192
17,0.0,1258.0,76.220264
17,0.0,1258.0,76.220337
17,0.0,1258.0,76.220409
17,0.0,1258.0,76.220847
17,0.0,1258.0,76.220963
17,0.0,1258.0,76.221063
17,0.0,1258.0,76.22114
17,0.0,1258.0,76.226038
17,0.0,1258.0,76.226177
17,0.0,1258.0,76.226301
17,0.0,1258.0,76.226565
17,0.0,1258.0,76.226678
17,0.0,41.0,76.226774
17,0.0,1258.0,76.226934
17,0.0,1258.0,76.229967
17,0.0,1258.0,76.230121
17,0.0,1258.0,76.230181
17,0.0,1258.0,76.230234
17,0.0,42.0,76.233735
17,0.0,1258.0,76.236289
17,0.0,1258.0,76.236391
17,0.0,1258.0,76.236447
17,0.0,1258.0,76.236495
17,0.0,1258.0,76.236542
17,0.0,1258.0,76.236593
17,0.0,1258.0,76.242088
17,0.0,1258.0,76.24223
17,0.0,1258.0,76.242469
17,0.0,1258.0,76.242589
17,0.0,1258.0,76.24266
17,0.0,1258.0,76.242723
17,0.0,1258.0,76.242787
17,0.0,1258.0,76.242875
17,0.0,41.0,76.243653
17,0.0,1258.0,76.245463
17,0.0,1258.0,76.245591
17,0.0,1258.0,76.245676
17,0.0,1258.0,76.245754
17,0.0,42.0,76.249839
17,0.0,1258.0,76.250235
17,0.0,1258.0,76.250383
17,0.0,1258.0,76.250487
17,0.0,1258.0,76.250577
17,0.0,1258.0,76.250669
17,0.0,1258.0,76.25076
17,0.0,1258.0,76.250889
17,0.0,1258.0,76.255587
17,0.0,1258.0,76.255766
17,0.0,1258.0,76.255869
17,0.0,1258.0,76.255962
17,0.0,1258.0,76.256053
17,0.0,1258.0,76.256142
17,0.0,1258.0,76.25623
17,0.0,1258.0,76.25632
17,0.0,1258.0,76.256409
17,0.0,41.0,76.257152
17,0.0,1258.0,76.260143
17,0.0,1258.0,76.260432
17,0.0,1258.0,76.260535
17,0.0,1258.0,76.260627
17,0.0,1258.0,76.260717
17,0.0,1258.0,76.260812
17,0.0,1258.0,76.2609
17,0.0,1258.0,76.260991
17,0.0,1258.0,76.265666
17,0.0,1258.0,76.265846
17,0.0,1258.0,76.265994
17,0.0,1258.0,76.266093
17,0.0,1258.0,76.266183
17,0.0,1258.0,76.266269
17,0.0,1258.0,76.266356
17,0.0,1258.0,76.266444
17,0.0,1258.0,76.266532
17,0.0,1258.0,76.266622
17,0.0,41.0,76.267286
17,0.0,1258.0,76.270273
17,0.0,1258.0,76.270405
17,0.0,1258.0,76.275635
17,0.0,1258.0,76.275793
17,0.0,1258.0,76.275877
17,0.0,42.0,76.277874
17,0.0,1258.0,76.280379
17,0.0,1258.0,76.28062
17,0.0,1258.0,76.28073
17,0.0,1258.0,76.28088
17,0.0,1258.0,76.281878
17,0.0,1258.0,76.281991
17,0.0,1258.0,76.286344
17,0.0,1258.0,76.286451
17,0.0,1258.0,76.286507
17,0.0,1258.0,76.286557
17,0.0,1258.0,76.286606
17,0.0,1258.0,76.286655
17,0.0,1258.0,76.286702
17,0.0,1258.0,76.286749
17,0.0,1258.0,76.286799
17,0.0,41.0,76.287386
17,0.0,1258.0,76.293477
17,0.0,1258.0,76.295907
17,0.0,1258.0,76.295997
17,0.0,1258.0,76.296047
17,0.0,1258.0,76.296091
17,0.0,1258.0,76.296136
17,0.0,42.0,76.300884
17,0.0,1258.0,76.301834
17,0.0,1258.0,76.301936
17,0.0,1258.0,76.301996
17,0.0,1258.0,76.302049
17,0.0,1258.0,76.302101
17,0.0,1258.0,76.302154
17,0.0,1258.0,76.302208
17,0.0,1258.0,76.305588
17,0.0,1258.0,76.305775
17,0.0,1258.0,76.305852
17,0.0,42.0,76.309948
17,0.0,1258.0,76.310116
17,0.0,42.0,76.317455
17,0.0,1258.0,76.319016
17,0.0,1258.0,76.319131
17,0.0,1258.0,76.322121
17,0.0,1258.0,76.322234
17,0.0,42.0,76.326194
17,0.0,1258.0,76.327118
17,0.0,1258.0,76.327208
17,0.0,1258.0,76.329871
17,0.0,42.0,76.334675
17,0.0,1258.0,76.336003
17,0.0,1258.0,76.336093
17,0.0,1258.0,76.336143
17,0.0,1258.0,76.336191
17,0.0,1258.0,76.336238
17,0.0,1258.0,76.336282
17,0.0,1258.0,76.336326
17,0.0,1258.0,76.336372
17,0.0,1258.0,76.341988
17,0.0,1258.0,76.342096
17,0.0,1258.0,76.342151
17,0.0,1258.0,76.342207
17,0.0,41.0,76.342792
17,0.0,1258.0,76.345381
17,0.0,1258.0,76.34548
17,0.0,42.0,76.353093
17,0.0,896.0,76.353488
17,0.0,1258.0,76.35355
17,0.0,1258.0,76.35357
17,0.0,1258.0,76.356231
17,0.0,1258.0,76.35635
17,0.0,1258.0,76.357133
17,0.0,42.0,76.360625
17,0.0,1258.0,76.362046
17,0.0,1258.0,76.362267
17,0.0,1258.0,76.362328
17,0.0,1258.0,76.362385
17,0.0,47.0,76.36999
17,0.0,1258.0,76.370433
17,0.0,1258.0,76.374027
17,0.0,1258.0,76.374168
17,0.0,1258.0,76.374253
17,0.0,42.0,76.378031
17,0.0,1258.0,76.380018
17,0.0,1258.0,76.380121
17,0.0,1258.0,76.380171
17,0.0,1258.0,76.380214
17,0.0,1258.0,76.38025
17,0.0,1258.0,76.380279
17,0.0,1258.0,76.380304
17,0.0,1258.0,76.380331
17,0.0,1258.0,76.380356
17,0.0,1258.0,76.380383
17,0.0,1258.0,76.386515
17,0.0,41.0,76.386948
17,0.0,1258.0,76.390117
17,0.0,1258.0,76.390245
17,0.0,1258.0,76.390317
17,0.0,1258.0,76.390383
17,0.0,1258.0,76.390451
17,0.0,1258.0,76.395964
17,0.0,1258.0,76.396163
17,0.0,1258.0,76.396241
17,0.0,1258.0,76.396314
17,0.0,1258.0,76.396385
17,0.0,1258.0,76.396454
17,0.0,1258.0,76.396529
17,0.0,41.0,76.397017
17,0.0,1258.0,76.402189
17,0.0,1258.0,76.402377
17,0.0,1258.0,76.402492
17,0.0,1258.0,76.402591
17,0.0,1258.0,76.40269
17,0.0,1258.0,76.402791
17,0.0,1258.0,76.402892
17,0.0,1258.0,76.40299
17,0.0,1258.0,76.405392
17,0.0,1258.0,76.405664
17,0.0,1258.0,76.40578
17,0.0,1258.0,76.405884
17,0.0,42.0,76.40988
17,0.0,1258.0,76.409998
17,0.0,1258.0,76.410096
17,0.0,1258.0,76.410147
17,0.0,1258.0,76.410187
17,0.0,1258.0,76.41022
17,0.0,1258.0,76.410248
17,0.0,1258.0,76.410276
17,0.0,42.0,76.417128
17,0.0,1258.0,76.418788
17,0.0,1258.0,76.418924
17,0.0,1258.0,76.419009
17,0.0,1258.0,76.419082
17,0.0,1258.0,76.419154
17,0.0,1258.0,76.419231
17,0.0,1258.0,76.419307
17,0.0,1258.0,76.41938
17,0.0,1258.0,76.419452
17,0.0,1258.0,76.419529
17,0.0,1258.0,76.422027
17,0.0,1258.0,76.422162
17,0.0,1258.0,76.422243
17,0.0,1258.0,76.422321
17,0.0,1258.0,76.422398
17,0.0,1258.0,76.422472
17,0.0,1258.0,76.422547
17,0.0,1258.0,76.425565
17,0.0,1258.0,76.425822
17,0.0,1258.0,76.425905
17,0.0,1258.0,76.425979
17,0.0,41.0,76.426057
17,0.0,1258.0,76.426209
17,0.0,1258.0,76.426297
17,0.0,1258.0,76.429986
17,0.0,1258.0,76.430151
17,0.0,1258.0,76.430235
17,0.0,1258.0,76.430311
17,0.0,1258.0,76.43039
17,0.0,42.0,76.433271
17,0.0,1258.0,76.436218
17,0.0,1258.0,76.436469
17,0.0,1258.0,76.436578
17,0.0,1258.0,76.436696
17,0.0,1258.0,76.436798
17,0.0,1258.0,76.436899
17,0.0,1258.0,76.437016
17,0.0,1258.0,76.437118
17,0.0,554.0,76.437279
17,0.0,34.0,76.437446
17,0.0,42.0,76.444102
17,0.0,1258.0,79.003091
17,0.0,87.0,79.004509
17,0.0,267.0,79.004537
17,0.0,143.0,79.004553
17,0.0,144.0,79.004567
17,0.0,1258.0,79.123444
17,0.0,1258.0,79.125072
17,0.0,1258.0,79.148448
17,0.0,49.0,79.149948
17,0.0,1258.0,79.153858
17,0.0,1258.0,79.153908
17,0.0,808.0,79.153927
17,0.0,49.0,79.154706
17,0.0,575.0,79.15474
17,0.0,74.0,79.198227
17,0.0,42.0,79.223775
17,0.0,972.0,79.235465
17,0.0,129.0,79.235531
17,0.0,38.0,79.235543
17,0.0,41.0,79.236081
17,0.0,41.0,79.261372
17,0.0,990.0,79.268449
17,0.0,714.0,79.268511
17,0.0,43.0,79.270022
17,0.0,43.0,79.270066
17,0.0,41.0,79.27008
17,0.0,43.0,79.270091
17,0.0,41.0,79.270102
17,0.0,43.0,79.270114
17,0.0,205.0,79.272147
17,0.0,716.0,79.273834
17,0.0,40.0,79.273874
17,0.0,43.0,79.274294
17,0.0,48.0,79.274779
17,0.0,206.0,79.274806
17,0.0,35.0,79.311186
17,0.0,35.0,79.315883
17,0.0,36.0,79.315922
17,0.0,36.0,79.315936
17,0.0,43.0,79.316756
17,0.0,43.0,79.316833
17,0.0,33.0,79.334332
17,0.0,33.0,79.339764
17,0.0,1258.0,79.347758
17,0.0,33.0,79.351813
17,0.0,33.0,79.366295
17,0.0,33.0,79.377919
17,0.0,1258.0,79.392353
17,0.0,1258.0,79.394008
17,0.0,1258.0,79.397815
17,0.0,1258.0,79.397856
17,0.0,1258.0,79.397871
17,0.0,400.0,79.397884
17,0.0,49.0,79.398191
17,0.0,49.0,79.39822
17,0.0,91.0,79.402148
17,0.0,80.0,79.402182
17,0.0,334.0,79.402193
17,0.0,1258.0,79.431447
17,0.0,123.0,79.431508
17,0.0,41.0,79.431845
17,0.0,35.0,79.444284
17,0.0,215.0,79.444331
17,0.0,33.0,79.444349
17,0.0,43.0,79.445027
17,0.0,41.0,79.47092
17,0.0,33.0,79.496334
17,0.0,773.0,86.18595
17,0.0,766.0,86.186218
17,0.0,1253.0,86.186422
17,0.0,301.0,86.186448
17,0.0,1253.0,86.186463
17,0.0,301.0,86.186728
17,0.0,37.0,86.217617
17,0.0,41.0,86.225429
17,0.0,37.0,86.227994
17,0.0,34.0,86.233961
17,0.0,1258.0,86.234054
17,0.0,1258.0,86.234086
17,0.0,1258.0,86.2341
17,0.0,1258.0,86.234115
17,0.0,1258.0,86.234128
17,0.0,1258.0,86.234141
17,0.0,1258.0,86.234153
17,0.0,1258.0,86.234168
17,0.0,44.0,86.235437
17,0.0,1258.0,86.240043
17,0.0,1258.0,86.240189
17,0.0,1258.0,86.240234
17,0.0,1258.0,86.240266
17,0.0,1258.0,86.240293
17,0.0,1258.0,86.240314
17,0.0,1258.0,86.240336
17,0.0,1258.0,86.240359
17,0.0,1258.0,86.240384
17,0.0,41.0,86.241759
17,0.0,1258.0,86.245911
17,0.0,1258.0,86.245992
17,0.0,1258.0,86.246023
17,0.0,1258.0,86.246045
17,0.0,1258.0,86.246065
17,0.0,1258.0,86.246085
17,0.0,1258.0,86.246105
17,0.0,1258.0,86.246126
17,0.0,1258.0,86.251983
17,0.0,1258.0,86.25208
17,0.0,1258.0,86.253019
17,0.0,1258.0,86.25307
17,0.0,1258.0,86.253089
17,0.0,1258.0,86.253104
17,0.0,1258.0,86.25312
17,0.0,1258.0,86.253135
17,0.0,1258.0,86.253146
17,0.0,1258.0,86.253157
17,0.0,1258.0,86.253169
17,0.0,1258.0,86.25318
17,0.0,1258.0,86.253191
17,0.0,1258.0,86.253202
17,0.0,1258.0,86.253214
17,0.0,1258.0,86.253333
17,0.0,41.0,86.253355
17,0.0,1258.0,86.253442
17,0.0,1258.0,86.25346
17,0.0,1258.0,86.253474
17,0.0,44.0,86.254366
17,0.0,1258.0,86.255447
17,0.0,1258.0,86.255507
17,0.0,1258.0,86.255531
17,0.0,1258.0,86.255547
17,0.0,1258.0,86.255561
17,0.0,1258.0,86.255573
17,0.0,1258.0,86.25985
17,0.0,1258.0,86.259892
17,0.0,1258.0,86.259906
17,0.0,1258.0,86.259918
17,0.0,1258.0,86.259929
17,0.0,1258.0,86.25994
17,0.0,1258.0,86.259951
17,0.0,1258.0,86.25996
17,0.0,1258.0,86.259969
17,0.0,1258.0,86.25998
17,0.0,1258.0,86.259997
17,0.0,41.0,86.260554
17,0.0,1258.0,86.265205
17,0.0,1258.0,86.265305
17,0.0,1258.0,86.26533
17,0.0,1258.0,86.265342
17,0.0,1258.0,86.265352
17,0.0,1258.0,86.265362
17,0.0,1258.0,86.265373
17,0.0,1258.0,86.265385
17,0.0,1258.0,86.2654
17,0.0,1258.0,86.265411
17,0.0,1258.0,86.265423
17,0.0,42.0,86.267876
17,0.0,1258.0,86.269957
17,0.0,1258.0,86.270025
17,0.0,1258.0,86.270049
17,0.0,1258.0,86.270064
17,0.0,1258.0,86.270076
17,0.0,1258.0,86.270086
17,0.0,1258.0,86.270096
17,0.0,1258.0,86.270106
17,0.0,1258.0,86.270115
17,0.0,1258.0,86.270126
17,0.0,1258.0,86.275362
17,0.0,1258.0,86.275419
17,0.0,1258.0,86.27544
17,0.0,1258.0,86.275452
17,0.0,1258.0,86.275462
17,0.0,1258.0,86.275473
17,0.0,1258.0,86.275483
17,0.0,1258.0,86.275492
17,0.0,1258.0,86.275502
17,0.0,1258.0,86.275512
17,0.0,1258.0,86.275521
17,0.0,1258.0,86.275532
17,0.0,42.0,86.277709
17,0.0,1258.0,86.279952
17,0.0,1258.0,86.280074
17,0.0,1258.0,86.280114
17,0.0,1258.0,86.280141
17,0.0,1258.0,86.280165
17,0.0,1258.0,86.280189
17,0.0,1258.0,86.280328
17,0.0,1258.0,86.280381
17,0.0,1258.0,86.280446
17,0.0,1258.0,86.285958
17,0.0,1258.0,86.286074
17,0.0,1258.0,86.286115
17,0.0,1258.0,86.286142
17,0.0,1258.0,86.286165
17,0.0,1258.0,86.286187
17,0.0,1258.0,86.286208
17,0.0,1258.0,86.286229
17,0.0,1258.0,86.28625
17,0.0,1258.0,86.286271
17,0.0,1258.0,86.286291
17,0.0,1258.0,86.286312
17,0.0,41.0,86.286917
17,0.0,1258.0,86.291966
17,0.0,1258.0,86.292068
17,0.0,1258.0,86.292101
17,0.0,1258.0,86.292117
17,0.0,1258.0,86.292128
17,0.0,1258.0,86.29214
17,0.0,1258.0,86.292152
17,0.0,1258.0,86.292164
17,0.0,1258.0,86.292177
17,0.0,1258.0,86.29219
17,0.0,1258.0,86.292203
17,0.0,1258.0,86.292213
17,0.0,1258.0,86.295301
17,0.0,1258.0,86.295349
17,0.0,1258.0,86.295371
17,0.0,1258.0,86.295386
17,0.0,1258.0,86.295401
17,0.0,1258.0,86.295413
17,0.0,42.0,86.299253
17,0.0,1258.0,86.299895
17,0.0,1258.0,86.299987
17,0.0,1258.0,86.30002
17,0.0,1258.0,86.300045
17,0.0,1258.0,86.300067
17,0.0,1258.0,86.300088
17,0.0,1258.0,86.300111
17,0.0,1258.0,86.300133
17,0.0,1258.0,86.300153
17,0.0,1258.0,86.300174
17,0.0,1258.0,86.305974
17,0.0,1258.0,86.306072
17,0.0,1258.0,86.30611
17,0.0,1258.0,86.306138
17,0.0,1258.0,86.306162
17,0.0,1258.0,86.306183
17,0.0,1258.0,86.306204
17,0.0,1258.0,86.306225
17,0.0,1258.0,86.306249
17,0.0,1258.0,86.306272
17,0.0,1258.0,86.306293
17,0.0,1258.0,86.306316
17,0.0,41.0,86.30698
17,0.0,1258.0,86.311989
17,0.0,1258.0,86.312108
17,0.0,1258.0,86.312147
17,0.0,1258.0,86.312167
17,0.0,1258.0,86.312185
17,0.0,1258.0,86.312202
17,0.0,1258.0,86.312218
17,0.0,1258.0,86.312234
17,0.0,1258.0,86.312248
17,0.0,1258.0,86.312261
17,0.0,1258.0,86.312278
17,0.0,1258.0,86.312292
17,0.0,1258.0,86.315438
17,0.0,1258.0,86.315492
17,0.0,1258.0,86.315509
17,0.0,1258.0,86.315521
17,0.0,1258.0,86.315533
17,0.0,1258.0,86.315544
17,0.0,1258.0,86.315553
17,0.0,1258.0,86.315563
17,0.0,1258.0,86.315575
17,0.0,42.0,86.319395
17,0.0,1258.0,86.319834
17,0.0,1258.0,86.319932
17,0.0,1258.0,86.325908
17,0.0,1258.0,86.325997
17,0.0,41.0,86.326686
17,0.0,1258.0,86.332024
17,0.0,1258.0,86.332884
17,0.0,1258.0,86.33332
17,0.0,1258.0,86.333349
17,0.0,1258.0,86.333362
17,0.0,1258.0,86.333376
17,0.0,1258.0,86.333403
17,0.0,1258.0,86.333418
17,0.0,1258.0,86.333428
17,0.0,1258.0,86.333437
17,0.0,1258.0,86.333447
17,0.0,1258.0,86.333458
17,0.0,1258.0,86.333474
17,0.0,1258.0,86.333495
17,0.0,1258.0,86.333505
17,0.0,1258.0,86.333516
17,0.0,1258.0,86.333526
17,0.0,1258.0,86.333537
17,0.0,1258.0,86.333568
17,0.0,1258.0,86.33358
17,0.0,1258.0,86.33359
17,0.0,1258.0,86.3336
17,0.0,1258.0,86.333611
17,0.0,1258.0,86.333622
17,0.0,1258.0,86.333632
17,0.0,1258.0,86.333644
17,0.0,1258.0,86.335503
17,0.0,1258.0,86.335559
17,0.0,1258.0,86.335578
17,0.0,1258.0,86.33559
17,0.0,1258.0,86.3356
17,0.0,1258.0,86.335611
17,0.0,1258.0,86.335623
17,0.0,42.0,86.339552
17,0.0,1258.0,86.339817
17,0.0,1258.0,86.339905
17,0.0,1258.0,86.339949
17,0.0,1258.0,86.339985
17,0.0,1258.0,86.340009
17,0.0,1258.0,86.34003
17,0.0,1258.0,86.340052
17,0.0,1258.0,86.340074
17,0.0,1258.0,86.340095
17,0.0,1258.0,86.346038
17,0.0,1258.0,86.346119
17,0.0,1258.0,86.346147
17,0.0,1258.0,86.346169
17,0.0,1258.0,86.34619
17,0.0,1258.0,86.346212
17,0.0,1258.0,86.346236
17,0.0,1258.0,86.346258
17,0.0,1258.0,86.34628
17,0.0,1258.0,86.3463
17,0.0,1258.0,86.346322
17,0.0,1258.0,86.346347
17,0.0,1258.0,86.346371
17,0.0,41.0,86.346792
17,0.0,1258.0,86.351953
17,0.0,1258.0,86.352037
17,0.0,1258.0,86.35206
17,0.0,1258.0,86.352072
17,0.0,1258.0,86.352082
17,0.0,1258.0,86.352092
17,0.0,1258.0,86.352102
17,0.0,1258.0,86.352112
17,0.0,1258.0,86.352123
17,0.0,1258.0,86.352137
17,0.0,1258.0,86.352149
17,0.0,1258.0,86.352162
17,0.0,42.0,86.35437
17,0.0,1258.0,86.355314
17,0.0,1258.0,86.35541
17,0.0,1258.0,86.355441
17,0.0,1258.0,86.355465
17,0.0,1258.0,86.355488
17,0.0,151.0,86.355511
17,0.0,558.0,86.355534
17,0.0,42.0,86.362412
17,0.0,1258.0,86.634005
17,0.0,86.0,86.635513
17,0.0,1258.0,86.792294
17,0.0,1258.0,86.792461
17,0.0,797.0,86.792494
17,0.0,201.0,86.792509
17,0.0,33.0,86.792522
17,0.0,86.0,86.794151
17,0.0,41.0,86.794235
17,0.0,724.0,86.794261
17,0.0,1254.0,86.794282
17,0.0,1258.0,86.7943
17,0.0,1258.0,86.794319
17,0.0,878.0,86.794337
17,0.0,128.0,86.860648
17,0.0,37.0,86.865944
17,0.0,42.0,86.866442
17,0.0,33.0,86.871822
17,0.0,33.0,86.87829
17,0.0,33.0,86.889878
17,0.0,1254.0,87.007456
17,0.0,1116.0,87.007705
17,0.0,241.0,87.007844
17,0.0,43.0,87.009074
17,0.0,41.0,87.009188
17,0.0,33.0,87.120781
17,0.0,128.0,88.063443
17,0.0,1254.0,88.06441
17,0.0,1258.0,88.064505
17,0.0,1258.0,88.064536
17,0.0,1258.0,88.064731
17,0.0,1079.0,88.064764
17,0.0,1258.0,88.102249
17,0.0,87.0,88.104418
17,0.0,1254.0,88.104441
17,0.0,1258.0,88.104457
17,0.0,1258.0,88.104471
17,0.0,256.0,88.104661
17,0.0,58.0,88.10473
17,0.0,968.0,88.105901
17,0.0,35.0,88.165956
17,0.0,33.0,88.181802
17,0.0,33.0,88.186495
17,0.0,41.0,88.193004
17,0.0,121.0,88.222552
17,0.0,43.0,88.223578
17,0.0,49.0,88.228698
17,0.0,190.0,88.235413
17,0.0,33.0,88.235528
17,0.0,1258.0,88.235553
17,0.0,788.0,88.235571
17,0.0,33.0,88.235584
17,0.0,1258.0,88.237674
17,0.0,81.0,88.238264
17,0.0,41.0,88.238492
17,0.0,323.0,88.240418
17,0.0,33.0,88.240486
17,0.0,43.0,88.241333
17,0.0,45.0,88.246487
17,0.0,33.0,88.246564
17,0.0,43.0,88.247307
17,0.0,41.0,88.255252
17,0.0,41.0,88.273135
17,0.0,33.0,88.310177
17,0.0,137.0,88.344546
17,0.0,41.0,88.370655
