protocol, src_addr, dst_addr, tcp_bytes,quic_bytes,real_time
6	192.168.29.162	142.250.182.174	0		0.000000000
6	192.168.29.162	142.250.182.174	0		0.000007000
6	142.250.182.174	192.168.29.162	0		0.003488000
6	142.250.182.174	192.168.29.162	0		0.003532000
6	192.168.29.162	142.250.207.206	0		0.184065000
6	142.250.207.206	192.168.29.162	0		0.188019000
6	192.168.29.162	142.250.182.174	0		0.195200000
6	192.168.29.162	142.250.182.174	0		0.195209000
6	192.168.29.162	142.250.182.174	517		0.195221000
6	192.168.29.162	142.250.182.174	517		0.195225000
6	192.168.29.162	142.250.207.237	0		0.195251000
6	142.250.182.174	192.168.29.162	0		0.195430000
6	142.250.182.174	192.168.29.162	0		0.195458000
6	192.168.29.162	142.250.207.206	0		0.196109000
6	142.250.182.174	192.168.29.162	0		0.198887000
6	142.250.207.237	192.168.29.162	0		0.199067000
6	142.250.182.174	192.168.29.162	1400		0.262422000
6	142.250.182.174	192.168.29.162	1400		0.262443000
6	142.250.182.174	192.168.29.162	1400		0.262445000
6	142.250.182.174	192.168.29.162	1400		0.262456000
6	142.250.182.174	192.168.29.162	1332		0.262467000
6	142.250.182.174	192.168.29.162	1400		0.266659000
6	142.250.182.174	192.168.29.162	1400		0.266692000
6	142.250.182.174	192.168.29.162	2800		0.266696000
6	142.250.182.174	192.168.29.162	1332		0.266716000
6	142.250.207.237	192.168.29.162	0		0.500835000
6	142.250.182.174	192.168.29.162	1332		0.657575000
6	142.250.182.174	192.168.29.162	1332		0.662142000
6	142.250.182.174	192.168.29.162	1400		1.270122000
6	142.250.182.174	192.168.29.162	1400		1.289566000
6	142.250.182.174	192.168.29.162	1400		2.486155000
6	142.250.182.174	192.168.29.162	1400		2.505682000
6	142.250.207.237	192.168.29.162	0		2.516840000
6	192.168.29.162	142.250.207.206	517		2.927504000
6	192.168.29.162	142.250.207.237	0		2.927521000
6	192.168.29.162	142.250.207.206	517		2.927528000
6	192.168.29.162	142.250.207.237	0		2.927533000
6	192.168.29.162	142.250.207.237	0		2.927536000
6	192.168.29.162	142.250.207.206	517		2.927540000
6	142.250.207.206	192.168.29.162	0		2.927729000
6	142.250.207.206	192.168.29.162	0		2.927736000
6	142.250.207.206	192.168.29.162	0		2.927738000
6	142.250.207.237	192.168.29.162	0		2.931254000
6	142.250.207.237	192.168.29.162	0		2.931258000
6	142.250.207.237	192.168.29.162	0		2.931315000
6	142.250.207.206	192.168.29.162	1400		2.999890000
6	142.250.207.206	192.168.29.162	1400		2.999912000
6	142.250.207.206	192.168.29.162	1400		2.999915000
6	142.250.207.206	192.168.29.162	1400		2.999931000
6	142.250.207.206	192.168.29.162	1337		2.999941000
6	142.250.207.206	192.168.29.162	1337		3.027931000
6	142.250.207.237	192.168.29.162	0		3.234893000
6	142.250.207.206	192.168.29.162	1400		3.243920000
6	142.250.207.206	192.168.29.162	1400		3.675898000
6	142.250.207.206	192.168.29.162	1400		4.588061000
6	142.250.182.174	192.168.29.162	1400		4.854127000
6	142.250.182.174	192.168.29.162	1400		4.873599000
6	142.250.207.237	192.168.29.162	0		5.266922000
6	192.168.29.162	142.250.207.206	517		5.862539000
6	192.168.29.162	142.250.207.237	0		5.862549000
6	192.168.29.162	142.250.182.174	0		5.862553000
6	192.168.29.162	142.250.207.237	517		5.862556000
6	192.168.29.162	142.250.207.237	0		5.862577000
6	142.250.207.237	192.168.29.162	0		5.862784000
6	142.250.207.237	192.168.29.162	0		5.866272000
6	142.250.207.237	192.168.29.162	0		5.866451000
6	142.250.207.206	192.168.29.162	0		5.866468000
6	142.250.207.237	192.168.29.162	1400		5.929226000
6	142.250.207.206	192.168.29.162	1400		6.315971000
6	192.168.29.162	142.250.207.206	517		6.513213000
6	192.168.29.162	142.250.182.174	0		6.513220000
6	142.250.207.206	192.168.29.162	0		6.517124000
6	192.168.29.162	142.250.182.174	0		6.564384000
6	192.168.29.162	142.250.182.174	0		6.564392000
6	192.168.29.162	142.250.182.174	0		6.596472000
6	192.168.29.162	142.250.182.174	74		6.596484000
6	192.168.29.162	142.250.182.174	98		6.596488000
6	142.250.182.174	192.168.29.162	0		6.599907000
6	142.250.182.174	192.168.29.162	0		6.599922000
6	142.250.182.174	192.168.29.162	958		6.600254000
6	142.250.182.174	192.168.29.162	31		6.604596000
6	192.168.29.162	142.250.182.174	0		6.816035000
6	192.168.29.162	142.250.182.174	663		6.816063000
6	142.250.182.174	192.168.29.162	0		6.825408000
6	142.250.182.174	192.168.29.162	1400		6.996086000
6	142.250.182.174	192.168.29.162	275		7.034979000
6	142.250.182.174	192.168.29.162	1400		7.050399000
6	142.250.182.174	192.168.29.162	2800		7.128364000
6	142.250.182.174	192.168.29.162	1400		7.284345000
6	142.250.182.174	192.168.29.162	1400		7.284375000
6	142.250.182.174	192.168.29.162	1332		8.822367000
6	142.250.207.206	192.168.29.162	1400		9.771843000
6	142.250.207.237	192.168.29.162	0		9.874851000
6	142.250.207.206	192.168.29.162	0		10.200513000
6	142.250.182.174	192.168.29.162	0		10.217058000
6	192.168.29.162	142.250.182.174	0		11.715685000
6	192.168.29.162	142.250.207.237	0		11.715700000
6	192.168.29.162	142.250.182.174	663		11.715705000
6	192.168.29.162	142.250.207.237	517		11.718828000
6	192.168.29.162	142.250.207.206	517		11.718845000
6	142.250.182.174	192.168.29.162	0		11.719144000
6	142.250.207.237	192.168.29.162	0		11.719375000
6	142.250.207.237	192.168.29.162	0		11.722554000
6	142.250.207.206	192.168.29.162	0		11.722784000
6	192.168.29.162	142.250.182.174	835		11.876117000
6	192.168.29.162	142.250.182.174	0		11.876125000
6	192.168.29.162	142.250.182.174	0		11.876128000
6	142.250.182.174	192.168.29.162	0		11.879606000
6	192.168.29.162	142.250.182.174	0		11.881828000
6	192.168.29.162	142.250.207.237	0		11.881835000
6	192.168.29.162	142.250.182.174	74		11.881838000
6	142.250.182.174	192.168.29.162	0		11.885325000
6	192.168.29.162	142.250.182.174	0		11.885946000
6	142.250.182.174	192.168.29.162	1400		11.889439000
6	142.250.207.237	192.168.29.162	1400		12.436881000
6	192.168.29.162	142.250.182.174	0		12.538371000
6	142.250.182.174	192.168.29.162	0		12.541900000
6	192.168.29.162	142.250.182.174	0		12.857468000
6	142.250.182.174	192.168.29.162	0		12.860968000
6	192.168.29.162	142.250.182.174	0		12.866198000
6	142.250.182.174	192.168.29.162	1400		12.869737000
6	192.168.29.162	142.250.182.174	0		12.889127000
6	192.168.29.162	142.250.182.174	0		12.889757000
6	192.168.29.162	142.250.207.237	0		12.889762000
6	192.168.29.162	142.250.207.237	0		12.889766000
6	192.168.29.162	142.250.207.237	0		12.889769000
6	142.250.182.174	192.168.29.162	0		12.892646000
6	192.168.29.162	142.250.207.237	517		12.897900000
6	192.168.29.162	142.250.207.206	0		12.897910000
6	192.168.29.162	142.250.207.206	0		12.897913000
6	142.250.207.237	192.168.29.162	0		12.898125000
6	192.168.29.162	142.250.207.206	0		12.903043000
6	192.168.29.162	142.250.207.206	0		12.903051000
6	192.168.29.162	142.250.207.206	0		12.903055000
6	192.168.29.162	142.250.207.206	0		12.903058000
6	192.168.29.162	142.250.207.206	0		12.905487000
6	192.168.29.162	142.250.207.206	74		12.905500000
6	142.250.207.206	192.168.29.162	0		12.909437000
6	192.168.29.162	142.250.207.206	0		12.913574000
6	192.168.29.162	142.250.207.206	98		12.913592000
6	192.168.29.162	142.250.207.206	250		12.913605000
6	142.250.207.206	192.168.29.162	0		12.917443000
6	142.250.207.206	192.168.29.162	0		12.917489000
6	142.250.207.206	192.168.29.162	0		12.917547000
6	192.168.29.162	142.250.207.206	0		12.956524000
6	192.168.29.162	142.250.182.174	0		12.956533000
6	192.168.29.162	142.250.182.174	0		12.956549000
6	192.168.29.162	142.250.207.237	0		12.956558000
6	192.168.29.162	216.58.200.164	0		12.956569000
6	192.168.29.162	142.250.207.206	0		12.958884000
6	142.250.182.174	192.168.29.162	1400		12.960000000
6	142.250.182.174	192.168.29.162	1400		12.960013000
6	142.250.182.174	192.168.29.162	0		12.960016000
6	216.58.200.164	192.168.29.162	0		12.960074000
6	142.250.207.237	192.168.29.162	1689		12.960228000
6	142.250.207.206	192.168.29.162	0		12.960393000
6	142.250.207.206	192.168.29.162	0		12.962951000
6	142.250.207.237	192.168.29.162	1400		12.964942000
6	142.250.207.237	192.168.29.162	1400		12.964960000
6	142.250.207.237	192.168.29.162	1400		12.964962000
6	142.250.207.237	192.168.29.162	289		12.964969000
6	192.168.29.162	142.250.182.174	0		12.967671000
6	192.168.29.162	142.250.182.174	0		12.967680000
6	192.168.29.162	142.250.182.174	31		12.967684000
6	192.168.29.162	142.250.182.174	0		12.971506000
6	192.168.29.162	142.250.182.174	0		12.978581000
6	192.168.29.162	142.250.182.174	0		12.978589000
6	192.168.29.162	142.250.207.206	0		12.979703000
6	142.250.182.174	192.168.29.162	0		12.982119000
6	142.250.207.206	192.168.29.162	0		12.983796000
6	192.168.29.162	142.250.182.174	35		12.983903000
6	192.168.29.162	142.250.182.174	35		12.983907000
6	192.168.29.162	142.250.207.206	0		12.983912000
6	142.250.207.206	192.168.29.162	0		12.987819000
6	192.168.29.162	142.250.182.174	0		12.992054000
6	192.168.29.162	142.250.207.237	0		12.993157000
6	192.168.29.162	142.250.182.174	0		12.995261000
6	192.168.29.162	142.250.182.174	0		13.000711000
6	192.168.29.162	216.58.200.164	0		13.003839000
6	192.168.29.162	216.58.200.164	517		13.003847000
6	192.168.29.162	142.250.182.174	0		13.003851000
6	216.58.200.164	192.168.29.162	0		13.004048000
6	192.168.29.162	142.250.207.237	0		13.009286000
6	192.168.29.162	142.250.207.237	0		13.009294000
6	192.168.29.162	142.250.207.237	0		13.010329000
6	192.168.29.162	142.250.207.237	74		13.016466000
6	192.168.29.162	142.250.207.237	0		13.016476000
6	192.168.29.162	142.250.207.237	98		13.016480000
6	192.168.29.162	142.250.207.237	319		13.016483000
6	192.168.29.162	142.250.207.237	32		13.016487000
6	142.250.207.237	192.168.29.162	0		13.020116000
6	142.250.207.237	192.168.29.162	0		13.020135000
6	142.250.207.237	192.168.29.162	0		13.020145000
6	142.250.207.237	192.168.29.162	0		13.020148000
6	142.250.207.237	192.168.29.162	966		13.021149000
6	192.168.29.162	142.250.207.237	0		13.021270000
6	192.168.29.162	142.250.207.237	0		13.021276000
6	142.250.207.237	192.168.29.162	31		13.021759000
6	192.168.29.162	142.250.207.237	74		13.022184000
6	192.168.29.162	142.250.207.237	31		13.023281000
6	142.250.207.237	192.168.29.162	0		13.025874000
6	142.250.207.237	192.168.29.162	966		13.026184000
6	142.250.207.237	192.168.29.162	0		13.031713000
6	142.250.182.174	192.168.29.162	1400		13.064646000
6	142.250.182.174	192.168.29.162	1400		13.064662000
6	192.168.29.162	142.250.207.237	0		13.072946000
6	216.58.200.164	192.168.29.162	1400		13.086476000
6	216.58.200.164	192.168.29.162	1400		13.086495000
6	216.58.200.164	192.168.29.162	1400		13.086498000
6	216.58.200.164	192.168.29.162	251		13.086505000
6	142.250.207.237	192.168.29.162	1054		13.103653000
6	142.250.207.237	192.168.29.162	285		13.103667000
6	142.250.207.237	192.168.29.162	195		13.103675000
6	142.250.207.237	192.168.29.162	96		13.103685000
6	142.250.207.237	192.168.29.162	39		13.103811000
6	192.168.29.162	142.250.207.237	0		13.107982000
6	192.168.29.162	142.250.182.174	0		13.107990000
6	192.168.29.162	142.250.182.174	0		13.107994000
17	192.168.29.162	142.250.182.174		1258	13.108007000
17	142.250.182.174	192.168.29.162		1258	13.112529000
6	192.168.29.162	142.250.182.174	240		13.114854000
6	192.168.29.162	216.58.200.164	0		13.114862000
6	192.168.29.162	216.58.200.164	0		13.124983000
6	192.168.29.162	216.58.200.164	0		13.137123000
6	192.168.29.162	216.58.200.164	0		13.138526000
6	192.168.29.162	142.250.207.237	0		13.138533000
6	192.168.29.162	142.250.207.237	0		13.139663000
6	192.168.29.162	142.250.207.237	0		13.139670000
6	192.168.29.162	142.250.207.237	0		13.139673000
6	192.168.29.162	142.250.207.237	0		13.139677000
6	192.168.29.162	216.58.200.164	74		13.145854000
6	192.168.29.162	142.250.194.35	0		13.147828000
17	192.168.29.162	142.250.182.174		1258	13.147837000
6	216.58.200.164	192.168.29.162	0		13.149322000
6	142.250.194.35	192.168.29.162	0		13.151622000
6	192.168.29.162	142.250.207.237	39		13.167081000
6	142.250.207.237	192.168.29.162	0		13.170761000
6	192.168.29.162	142.250.194.35	0		13.172106000
6	192.168.29.162	142.250.194.35	517		13.172113000
6	142.250.194.35	192.168.29.162	0		13.172306000
17	142.250.182.174	192.168.29.162		1258	13.177963000
17	142.250.182.174	192.168.29.162		1258	13.177979000
17	142.250.182.174	192.168.29.162		1258	13.177986000
17	142.250.182.174	192.168.29.162		832	13.177989000
17	192.168.29.162	142.250.182.174		49	13.185135000
6	142.250.182.174	192.168.29.162	1400		13.220643000
6	142.250.182.174	192.168.29.162	879		13.220665000
17	192.168.29.162	142.250.182.174		172	13.227710000
17	142.250.182.174	192.168.29.162		951	13.231559000
17	142.250.182.174	192.168.29.162		129	13.231577000
6	192.168.29.162	142.250.182.174	0		13.232142000
6	192.168.29.162	142.250.182.174	0		13.237000000
17	192.168.29.162	142.250.182.174		41	13.242206000
6	142.250.194.35	192.168.29.162	1400		13.250735000
6	142.250.194.35	192.168.29.162	1400		13.250781000
6	142.250.194.35	192.168.29.162	1686		13.250785000
17	142.250.182.174	192.168.29.162		32	13.256321000
6	192.168.29.162	142.250.194.35	0		13.259129000
6	192.168.29.162	142.250.194.35	0		13.272592000
6	192.168.29.162	142.250.194.35	0		13.274723000
6	192.168.29.162	142.250.194.35	0		13.274731000
6	192.168.29.162	142.250.194.35	74		13.280061000
6	192.168.29.162	142.250.194.35	98		13.280069000
6	142.250.194.35	192.168.29.162	0		13.283772000
6	142.250.194.35	192.168.29.162	0		13.283783000
6	142.250.194.35	192.168.29.162	962		13.284111000
6	142.250.194.35	192.168.29.162	31		13.284116000
6	192.168.29.162	142.250.194.35	603		13.285174000
6	192.168.29.162	142.250.194.35	0		13.287754000
6	192.168.29.162	142.250.194.35	31		13.287759000
6	142.250.194.35	192.168.29.162	546		13.290252000
6	142.250.194.35	192.168.29.162	1400		13.290266000
6	142.250.194.35	192.168.29.162	1400		13.290278000
6	142.250.194.35	192.168.29.162	1400		13.290290000
6	142.250.194.35	192.168.29.162	1400		13.290302000
6	142.250.194.35	192.168.29.162	1400		13.291528000
6	142.250.194.35	192.168.29.162	1400		13.292081000
6	142.250.194.35	192.168.29.162	1400		13.292092000
6	142.250.194.35	192.168.29.162	1400		13.293298000
6	142.250.194.35	192.168.29.162	1400		13.293311000
6	142.250.194.35	192.168.29.162	1400		13.294495000
6	142.250.194.35	192.168.29.162	1400		13.294509000
6	142.250.194.35	192.168.29.162	256		13.295671000
6	192.168.29.162	142.250.194.35	0		13.295954000
6	192.168.29.162	142.250.194.35	0		13.295962000
6	192.168.29.162	142.250.194.35	0		13.298996000
6	192.168.29.162	142.250.194.35	0		13.301205000
6	192.168.29.162	142.250.194.35	0		13.302288000
6	192.168.29.162	142.250.194.35	0		13.303369000
6	192.168.29.162	142.250.194.35	39		13.307734000
6	142.250.194.35	192.168.29.162	0		13.316876000
17	192.168.29.162	142.250.194.35		1258	13.333340000
17	142.250.194.35	192.168.29.162		1258	13.337717000
17	192.168.29.162	142.250.194.35		1258	13.348360000
17	192.168.29.162	142.250.194.35		49	13.363975000
17	192.168.29.162	142.250.194.35		49	13.387529000
17	142.250.194.35	192.168.29.162		1258	13.406131000
17	142.250.194.35	192.168.29.162		1258	13.406151000
17	142.250.194.35	192.168.29.162		1229	13.406153000
17	142.250.194.35	192.168.29.162		111	13.406156000
17	192.168.29.162	142.250.194.35		49	13.413993000
17	192.168.29.162	142.250.194.35		167	13.418242000
17	192.168.29.162	142.250.194.35		623	13.420468000
17	142.250.194.35	192.168.29.162		954	13.421996000
17	142.250.194.35	192.168.29.162		145	13.422006000
17	142.250.194.35	192.168.29.162		494	13.424630000
17	142.250.194.35	192.168.29.162		1254	13.424680000
17	142.250.194.35	192.168.29.162		1258	13.424693000
17	142.250.194.35	192.168.29.162		1258	13.424703000
17	142.250.194.35	192.168.29.162		1258	13.424711000
17	142.250.194.35	192.168.29.162		1258	13.424721000
17	142.250.194.35	192.168.29.162		1258	13.424732000
17	142.250.194.35	192.168.29.162		1258	13.424771000
17	142.250.194.35	192.168.29.162		1258	13.426348000
17	142.250.194.35	192.168.29.162		1258	13.426358000
17	142.250.194.35	192.168.29.162		1258	13.426368000
17	142.250.194.35	192.168.29.162		1258	13.426378000
17	142.250.194.35	192.168.29.162		1258	13.427802000
17	142.250.194.35	192.168.29.162		852	13.427810000
17	192.168.29.162	142.250.194.35		42	13.428452000
17	192.168.29.162	142.250.194.35		41	13.428468000
17	192.168.29.162	142.250.194.35		46	13.430625000
17	192.168.29.162	142.250.194.35		41	13.430632000
17	192.168.29.162	142.250.194.35		41	13.435035000
17	192.168.29.162	142.250.194.35		41	13.435050000
17	192.168.29.162	142.250.194.35		41	13.435054000
17	192.168.29.162	142.250.194.35		41	13.435058000
6	192.168.29.162	142.250.207.234	0		13.437093000
17	192.168.29.162	142.250.194.35		41	13.437101000
6	142.250.207.234	192.168.29.162	0		13.440760000
17	192.168.29.162	142.250.194.35		41	13.441107000
6	192.168.29.162	142.250.207.234	0		13.443982000
6	192.168.29.162	142.250.207.234	517		13.443990000
6	142.250.207.234	192.168.29.162	0		13.444211000
17	142.250.194.35	192.168.29.162		32	13.459682000
6	142.250.207.234	192.168.29.162	1400		13.514975000
6	142.250.207.234	192.168.29.162	3465		13.515002000
6	192.168.29.162	142.250.207.234	0		13.517312000
6	192.168.29.162	142.250.207.234	0		13.517321000
6	192.168.29.162	142.250.207.234	0		13.517325000
6	192.168.29.162	142.250.207.234	0		13.517328000
6	192.168.29.162	142.250.207.234	74		13.530082000
6	192.168.29.162	142.250.207.234	98		13.530091000
6	192.168.29.162	142.250.207.234	298		13.530095000
6	192.168.29.162	142.250.207.234	163		13.530098000
6	142.250.207.234	192.168.29.162	0		13.533646000
6	142.250.207.234	192.168.29.162	0		13.533693000
6	142.250.207.234	192.168.29.162	0		13.533695000
6	142.250.207.234	192.168.29.162	0		13.533697000
6	142.250.207.234	192.168.29.162	998		13.533909000
6	142.250.207.234	192.168.29.162	31		13.534374000
6	192.168.29.162	142.250.207.234	0		13.541027000
6	192.168.29.162	142.250.207.234	31		13.541036000
6	142.250.207.234	192.168.29.162	0		13.550046000
6	142.250.207.234	192.168.29.162	230		13.605128000
6	142.250.207.234	192.168.29.162	361		13.605151000
6	142.250.207.234	192.168.29.162	248		13.605303000
6	142.250.207.234	192.168.29.162	39		13.605431000
6	142.250.207.234	192.168.29.162	39		13.623655000
6	192.168.29.162	142.250.207.234	0		13.657869000
6	192.168.29.162	142.250.207.234	39		13.657876000
6	192.168.29.162	142.250.207.234	0		13.660997000
6	142.250.207.234	192.168.29.162	0		13.661429000
6	192.168.29.162	142.250.182.174	240		15.997736000
6	216.58.200.164	192.168.29.162	0		23.011678000
6	192.168.29.162	216.58.200.164	0		23.139756000
6	192.168.29.162	142.250.182.174	341		25.139721000
6	142.250.182.174	192.168.29.162	0		25.143156000
6	142.250.182.174	192.168.29.162	1400		31.946301000
6	192.168.29.162	142.250.182.174	0		35.114001000
6	192.168.29.162	142.250.182.174	35		35.114010000
6	192.168.29.162	142.250.182.174	35		35.114013000
6	142.250.182.174	192.168.29.162	1400		35.117525000
6	142.250.182.174	192.168.29.162	2800		35.156469000
6	142.250.182.174	192.168.29.162	1400		35.312508000
6	192.168.29.162	142.250.182.174	0		35.475887000
6	142.250.182.174	192.168.29.162	1400		35.479374000
6	192.168.29.162	142.250.182.174	0		35.481003000
6	192.168.29.162	142.250.182.174	0		35.486747000
6	192.168.29.162	142.250.182.174	0		35.490857000
6	192.168.29.162	142.250.182.174	0		35.496011000
6	142.250.182.174	192.168.29.162	1400		35.518339000
6	142.250.182.174	192.168.29.162	1400		35.518357000
6	142.250.182.174	192.168.29.162	1400		35.674343000
6	142.250.182.174	192.168.29.162	1400		35.674402000
6	192.168.29.162	142.250.182.174	0		35.730701000
6	192.168.29.162	142.250.182.174	0		35.735828000
6	192.168.29.162	142.250.182.174	0		35.743946000
6	192.168.29.162	142.250.182.174	0		35.743954000
6	142.250.182.174	192.168.29.162	1400		52.938161000
6	192.168.29.162	142.250.182.174	0		53.739441000
6	192.168.29.162	142.250.182.174	35		53.739450000
6	192.168.29.162	142.250.182.174	39		53.739453000
6	142.250.182.174	192.168.29.162	1704		53.742935000
6	142.250.182.174	192.168.29.162	1400		53.757089000
6	142.250.182.174	192.168.29.162	1400		53.757102000
6	142.250.182.174	192.168.29.162	0		53.803617000
6	142.250.182.174	192.168.29.162	0		53.803631000
17	192.168.29.162	142.250.182.174		1258	60.740566000
17	192.168.29.162	142.250.182.174		86	60.740575000
17	192.168.29.162	142.250.182.174		690	60.740579000
17	192.168.29.162	142.250.182.174		130	60.740611000
17	192.168.29.162	142.250.182.174		1258	60.740787000
17	142.250.182.174	192.168.29.162		1258	60.744291000
17	142.250.182.174	192.168.29.162		1258	60.814248000
17	142.250.182.174	192.168.29.162		816	60.814283000
17	142.250.182.174	192.168.29.162		166	60.815254000
17	142.250.182.174	192.168.29.162		32	60.815263000
17	142.250.182.174	192.168.29.162		1254	60.815434000
17	142.250.182.174	192.168.29.162		1258	60.815444000
17	142.250.182.174	192.168.29.162		1258	60.815455000
17	142.250.182.174	192.168.29.162		1258	60.815485000
17	142.250.182.174	192.168.29.162		1258	60.815489000
17	142.250.182.174	192.168.29.162		1258	60.815492000
17	142.250.182.174	192.168.29.162		1258	60.815501000
17	142.250.182.174	192.168.29.162		1258	60.815508000
17	142.250.182.174	192.168.29.162		1254	60.816902000
17	142.250.182.174	192.168.29.162		1258	60.816915000
17	142.250.182.174	192.168.29.162		1258	60.816921000
17	142.250.182.174	192.168.29.162		1258	60.818128000
17	142.250.182.174	192.168.29.162		1258	60.818141000
17	142.250.182.174	192.168.29.162		1258	60.818148000
17	142.250.182.174	192.168.29.162		1258	60.819421000
17	142.250.182.174	192.168.29.162		1258	60.819431000
17	142.250.182.174	192.168.29.162		1258	60.819441000
17	142.250.182.174	192.168.29.162		1258	60.821214000
17	142.250.182.174	192.168.29.162		1258	60.821224000
17	142.250.182.174	192.168.29.162		1258	60.821237000
17	142.250.182.174	192.168.29.162		1258	60.821244000
17	142.250.182.174	192.168.29.162		1258	60.822485000
17	142.250.182.174	192.168.29.162		1258	60.822495000
17	142.250.182.174	192.168.29.162		1258	60.822544000
17	142.250.182.174	192.168.29.162		1258	60.823640000
17	142.250.182.174	192.168.29.162		1258	60.823650000
17	142.250.182.174	192.168.29.162		1258	60.823660000
17	142.250.182.174	192.168.29.162		1258	60.825175000
17	142.250.182.174	192.168.29.162		1258	60.825184000
17	142.250.182.174	192.168.29.162		1258	60.825195000
17	142.250.182.174	192.168.29.162		1258	60.825206000
17	142.250.182.174	192.168.29.162		1258	60.826596000
17	142.250.182.174	192.168.29.162		1258	60.826606000
17	142.250.182.174	192.168.29.162		1258	60.826616000
17	142.250.182.174	192.168.29.162		1258	60.827925000
17	142.250.182.174	192.168.29.162		1258	60.827937000
17	142.250.182.174	192.168.29.162		1258	60.827946000
17	192.168.29.162	142.250.182.174		1258	60.837698000
17	192.168.29.162	142.250.182.174		1258	60.838808000
17	142.250.182.174	192.168.29.162		1258	60.841251000
17	192.168.29.162	142.250.182.174		1258	60.841365000
6	192.168.29.162	142.250.182.174	39		60.841373000
17	142.250.182.174	192.168.29.162		1258	60.842241000
17	142.250.182.174	192.168.29.162		1258	60.844791000
6	142.250.182.174	192.168.29.162	0		60.844841000
17	192.168.29.162	142.250.182.174		1258	60.854038000
17	192.168.29.162	142.250.182.174		1258	60.854051000
17	192.168.29.162	142.250.182.174		88	60.854055000
6	192.168.29.162	142.250.182.174	118		60.856145000
6	192.168.29.162	142.250.182.174	98		60.856150000
17	192.168.29.162	142.250.182.174		1258	60.857253000
6	192.168.29.162	142.250.207.237	0		60.857269000
17	192.168.29.162	142.250.182.174		1258	60.857274000
6	192.168.29.162	142.250.207.234	0		60.859395000
6	192.168.29.162	142.250.207.237	0		60.859401000
6	192.168.29.162	142.250.194.35	0		60.859405000
6	142.250.182.174	192.168.29.162	0		60.859589000
6	142.250.182.174	192.168.29.162	0		60.859600000
17	142.250.182.174	192.168.29.162		1258	60.860829000
17	142.250.182.174	192.168.29.162		1258	60.860870000
6	142.250.207.237	192.168.29.162	0		60.860932000
6	142.250.207.234	192.168.29.162	0		60.862926000
6	142.250.207.237	192.168.29.162	0		60.863044000
6	142.250.194.35	192.168.29.162	0		60.863047000
17	192.168.29.162	142.250.182.174		1258	60.863514000
6	192.168.29.162	142.250.182.174	0		60.863535000
6	192.168.29.162	142.250.182.174	35		60.863539000
6	192.168.29.162	142.250.182.174	35		60.863542000
6	192.168.29.162	142.250.182.174	0		60.863546000
1,17	192.168.29.162,142.250.182.174	142.250.182.174,192.168.29.162		1258	60.863550000
6	192.168.29.162	216.58.200.164	0		60.863554000
6	192.168.29.162	142.250.194.86	0		60.863563000
1,17	192.168.29.162,142.250.182.174	142.250.182.174,192.168.29.162		1258	60.864634000
1,17	192.168.29.162,142.250.182.174	142.250.182.174,192.168.29.162		816	60.864639000
1,17	192.168.29.162,142.250.182.174	142.250.182.174,192.168.29.162		166	60.864643000
1,17	192.168.29.162,142.250.182.174	142.250.182.174,192.168.29.162		32	60.864646000
1,17	192.168.29.162,142.250.182.174	142.250.182.174,192.168.29.162		1254	60.865746000
6	142.250.182.174	192.168.29.162	1400		60.867024000
6	142.250.182.174	192.168.29.162	1400		60.867035000
6	216.58.200.164	192.168.29.162	0		60.867037000
17	142.250.182.174	192.168.29.162		1258	60.867390000
6	142.250.194.86	192.168.29.162	0		60.867477000
6	142.250.182.174	192.168.29.162	1400		60.906217000
6	142.250.182.174	192.168.29.162	1400		60.906241000
17	142.250.182.174	192.168.29.162		1258	60.931902000
17	142.250.182.174	192.168.29.162		822	60.931916000
17	142.250.182.174	192.168.29.162		160	60.931918000
17	142.250.182.174	192.168.29.162		32	60.931920000
6	142.250.182.174	192.168.29.162	1400		60.952802000
6	142.250.182.174	192.168.29.162	1400		60.952821000
6	142.250.182.174	192.168.29.162	1400		60.999402000
6	142.250.182.174	192.168.29.162	1400		60.999430000
6	192.168.29.162	142.250.206.131	0		61.075429000
6	192.168.29.162	142.250.195.10	0		61.075438000
6	192.168.29.162	142.250.182.174	0		61.076308000
6	192.168.29.162	142.250.194.86	0		61.076318000
6	192.168.29.162	142.250.194.86	517		61.077733000
6	192.168.29.162	142.250.182.174	0		61.077741000
6	142.250.194.86	192.168.29.162	0		61.077939000
6	142.250.206.131	192.168.29.162	0		61.078966000
6	142.250.195.10	192.168.29.162	0		61.079025000
6	142.250.182.174	192.168.29.162	1400		61.079825000
17	192.168.29.162	142.250.182.174		1258	61.079940000
6	142.250.182.174	192.168.29.162	1400		61.079943000
17	192.168.29.162	142.250.182.174		81	61.079956000
17	192.168.29.162	142.250.182.174		41	61.079959000
6	192.168.29.162	142.250.182.174	0		61.081063000
6	192.168.29.162	142.250.182.174	0		61.081987000
6	192.168.29.162	142.250.206.131	0		61.081992000
6	192.168.29.162	142.250.195.10	0		61.081996000
6	192.168.29.162	142.250.206.131	517		61.083526000
6	192.168.29.162	142.250.182.174	0		61.083532000
6	192.168.29.162	142.250.195.10	517		61.083536000
17	142.250.182.174	192.168.29.162		129	61.083602000
6	142.250.206.131	192.168.29.162	0		61.083713000
6	142.250.195.10	192.168.29.162	0		61.083716000
6	142.250.182.174	192.168.29.162	1400		61.103103000
6	142.250.182.174	192.168.29.162	1400		61.103125000
17	192.168.29.162	142.250.182.174		41	61.116414000
6	192.168.29.162	142.250.182.174	0		61.143533000
6	142.250.182.174	192.168.29.162	1400		61.149693000
6	142.250.182.174	192.168.29.162	1400		61.149720000
6	142.250.194.86	192.168.29.162	1400		61.152611000
6	142.250.194.86	192.168.29.162	1400		61.152655000
6	142.250.194.86	192.168.29.162	2109		61.152658000
6	192.168.29.162	142.250.182.174	0		61.155981000
6	192.168.29.162	142.250.194.86	0		61.157061000
6	192.168.29.162	142.250.194.86	0		61.157067000
6	192.168.29.162	142.250.194.86	0		61.158179000
6	192.168.29.162	142.250.194.86	0		61.158186000
6	142.250.195.10	192.168.29.162	1400		61.159718000
6	142.250.195.10	192.168.29.162	1400		61.159732000
6	142.250.195.10	192.168.29.162	2057		61.159742000
6	192.168.29.162	142.250.195.10	0		61.162281000
6	192.168.29.162	142.250.195.10	0		61.162289000
6	192.168.29.162	142.250.195.10	0		61.162292000
6	192.168.29.162	142.250.195.10	0		61.162295000
6	192.168.29.162	142.250.194.86	74		61.162299000
6	142.250.206.131	192.168.29.162	1400		61.163001000
6	142.250.206.131	192.168.29.162	1400		61.163012000
6	142.250.206.131	192.168.29.162	2050		61.163026000
6	192.168.29.162	142.250.206.131	0		61.165553000
6	192.168.29.162	142.250.206.131	0		61.165568000
6	192.168.29.162	142.250.206.131	0		61.165571000
6	142.250.194.86	192.168.29.162	0		61.166125000
6	142.250.194.86	192.168.29.162	950		61.166441000
6	192.168.29.162	142.250.206.131	0		61.166677000
6	192.168.29.162	142.250.195.10	74		61.168962000
6	192.168.29.162	142.250.195.10	98		61.169815000
6	192.168.29.162	142.250.195.10	426		61.170889000
6	142.250.195.10	192.168.29.162	0		61.172430000
6	142.250.195.10	192.168.29.162	982		61.172702000
6	142.250.195.10	192.168.29.162	31		61.173348000
6	192.168.29.162	142.250.195.10	0		61.176026000
6	192.168.29.162	142.250.195.10	31		61.176035000
6	192.168.29.162	142.250.206.131	74		61.178880000
6	142.250.195.10	192.168.29.162	0		61.179377000
6	142.250.195.10	192.168.29.162	0		61.179626000
6	142.250.206.131	192.168.29.162	0		61.182437000
6	142.250.206.131	192.168.29.162	970		61.182691000
6	192.168.29.162	142.250.206.131	98		61.182698000
6	192.168.29.162	142.250.206.131	916		61.182704000
6	192.168.29.162	142.250.206.131	1400		61.182708000
6	192.168.29.162	142.250.206.131	1400		61.184814000
6	142.250.206.131	192.168.29.162	0		61.186199000
6	142.250.206.131	192.168.29.162	31		61.186587000
6	192.168.29.162	142.250.206.131	537		61.190330000
6	192.168.29.162	142.250.206.131	31		61.190338000
6	142.250.206.131	192.168.29.162	0		61.193855000
6	142.250.182.174	192.168.29.162	1400		61.196272000
6	142.250.182.174	192.168.29.162	1400		61.196285000
6	142.250.206.131	192.168.29.162	0		61.199180000
6	192.168.29.162	142.250.182.174	0		61.205532000
6	192.168.29.162	142.250.194.86	0		61.210671000
6	192.168.29.162	142.250.206.131	0		61.234695000
6	142.250.182.174	192.168.29.162	1400		61.242873000
6	142.250.182.174	192.168.29.162	1400		61.242892000
6	142.250.195.10	192.168.29.162	211		61.247401000
6	142.250.195.10	192.168.29.162	201		61.247412000
6	142.250.195.10	192.168.29.162	31		61.247414000
6	142.250.195.10	192.168.29.162	39		61.247554000
6	192.168.29.162	142.250.182.174	0		61.257951000
6	192.168.29.162	142.250.195.10	0		61.260071000
6	142.250.195.10	192.168.29.162	39		61.262874000
6	192.168.29.162	142.250.195.10	39		61.265122000
6	142.250.195.10	192.168.29.162	0		61.268714000
6	142.250.182.174	192.168.29.162	1400		61.289460000
6	142.250.182.174	192.168.29.162	1400		61.289487000
6	142.250.182.174	192.168.29.162	1400		61.308090000
6	142.250.182.174	192.168.29.162	1400		61.308209000
6	142.250.182.174	192.168.29.162	1400		61.324613000
6	142.250.182.174	192.168.29.162	1345		61.324638000
6	142.250.182.174	192.168.29.162	2800		61.340805000
6	142.250.182.174	192.168.29.162	2800		61.357299000
6	142.250.182.174	192.168.29.162	2800		61.373818000
6	142.250.182.174	192.168.29.162	1400		61.390333000
6	142.250.182.174	192.168.29.162	1400		61.398577000
6	142.250.182.174	192.168.29.162	943		61.406892000
6	142.250.182.174	192.168.29.162	1400		61.412382000
6	142.250.182.174	192.168.29.162	1400		61.412399000
6	142.250.182.174	192.168.29.162	1400		61.428903000
6	142.250.182.174	192.168.29.162	1400		61.428921000
6	142.250.182.174	192.168.29.162	1400		61.445423000
6	142.250.182.174	192.168.29.162	1400		61.445442000
6	192.168.29.162	142.250.195.10	0		61.448407000
6	192.168.29.162	142.250.182.174	0		61.451962000
6	192.168.29.162	142.250.182.174	0		61.458050000
6	192.168.29.162	142.250.182.174	0		61.458062000
6	142.250.206.131	192.168.29.162	804		61.458240000
6	192.168.29.162	142.250.182.174	0		61.460148000
6	192.168.29.162	142.250.206.131	0		61.461532000
6	142.250.182.174	192.168.29.162	1400		61.461941000
6	142.250.182.174	192.168.29.162	1400		61.461971000
6	192.168.29.162	142.250.182.174	0		61.475258000
6	142.250.182.174	192.168.29.162	1400		61.478435000
6	142.250.182.174	192.168.29.162	1400		61.478459000
6	142.250.206.131	192.168.29.162	1400		61.479546000
6	142.250.206.131	192.168.29.162	1400		61.479560000
6	142.250.206.131	192.168.29.162	1400		61.479568000
6	142.250.206.131	192.168.29.162	239		61.479723000
6	142.250.206.131	192.168.29.162	380		61.479751000
6	142.250.206.131	192.168.29.162	39		61.479849000
6	192.168.29.162	142.250.182.174	0		61.480879000
6	192.168.29.162	142.250.206.131	0		61.480886000
6	192.168.29.162	142.250.206.131	0		61.480889000
6	192.168.29.162	142.250.206.131	0		61.480893000
6	192.168.29.162	142.250.206.131	0		61.482077000
6	192.168.29.162	142.250.206.131	0		61.482083000
6	192.168.29.162	142.250.206.131	0		61.482086000
6	192.168.29.162	142.250.206.131	39		61.483846000
6	142.250.206.131	192.168.29.162	0		61.487386000
6	142.250.182.174	192.168.29.162	1400		61.494961000
6	142.250.182.174	192.168.29.162	1400		61.499961000
6	142.250.182.174	192.168.29.162	1400		61.499985000
6	142.250.182.174	192.168.29.162	1400		61.509952000
6	142.250.182.174	192.168.29.162	1400		61.509975000
6	142.250.182.174	192.168.29.162	1400		61.517408000
6	142.250.182.174	192.168.29.162	1400		61.517441000
6	142.250.182.174	192.168.29.162	1400		61.523994000
6	142.250.182.174	192.168.29.162	1400		61.524012000
6	142.250.182.174	192.168.29.162	1400		61.530567000
6	142.250.182.174	192.168.29.162	1400		61.530625000
6	142.250.182.174	192.168.29.162	1400		61.537176000
6	142.250.182.174	192.168.29.162	1400		61.537202000
6	142.250.182.174	192.168.29.162	2800		61.543814000
6	142.250.182.174	192.168.29.162	1400		61.550346000
6	142.250.182.174	192.168.29.162	1400		61.550380000
6	142.250.182.174	192.168.29.162	1400		61.556961000
6	142.250.182.174	192.168.29.162	1400		61.556987000
6	142.250.182.174	192.168.29.162	1400		61.563541000
6	142.250.182.174	192.168.29.162	1400		61.563557000
6	142.250.182.174	192.168.29.162	1400		61.570150000
6	142.250.182.174	192.168.29.162	1400		61.570171000
6	142.250.182.174	192.168.29.162	1400		61.576716000
6	142.250.182.174	192.168.29.162	1400		61.576730000
6	142.250.182.174	192.168.29.162	1400		61.583319000
6	142.250.182.174	192.168.29.162	1400		61.583384000
6	142.250.182.174	192.168.29.162	1400		61.589942000
6	142.250.182.174	192.168.29.162	1400		61.589963000
6	142.250.182.174	192.168.29.162	1400		61.596513000
6	142.250.182.174	192.168.29.162	1400		61.596529000
6	142.250.182.174	192.168.29.162	1400		61.603100000
6	142.250.182.174	192.168.29.162	1400		61.603118000
6	142.250.182.174	192.168.29.162	1400		61.609686000
6	142.250.182.174	192.168.29.162	1400		61.609704000
6	142.250.182.174	192.168.29.162	1400		61.616353000
6	142.250.182.174	192.168.29.162	1400		61.619585000
6	142.250.182.174	192.168.29.162	1400		61.619625000
6	142.250.182.174	192.168.29.162	1400		61.626153000
6	142.250.182.174	192.168.29.162	1400		61.626218000
6	142.250.182.174	192.168.29.162	1400		62.346079000
6	192.168.29.162	142.250.182.174	0		63.574819000
6	192.168.29.162	216.58.200.164	0		63.574842000
6	142.250.182.174	192.168.29.162	2800		63.578309000
6	216.58.200.164	192.168.29.162	0		63.578340000
6	142.250.182.174	192.168.29.162	1400		63.581565000
6	142.250.182.174	192.168.29.162	1400		63.581581000
6	142.250.182.174	192.168.29.162	1400		63.588157000
6	142.250.182.174	192.168.29.162	1400		63.588176000
6	216.58.200.164	192.168.29.162	0		63.885848000
6	216.58.200.164	192.168.29.162	0		65.925889000
6	216.58.200.164	192.168.29.162	0		69.957821000
6	142.250.182.174	192.168.29.162	1400		72.905991000
6	192.168.29.162	142.250.182.174	35		73.570279000
6	192.168.29.162	216.58.200.164	0		73.570289000
6	192.168.29.162	216.58.200.164	0		73.570292000
6	192.168.29.162	142.250.182.174	35		73.570310000
6	192.168.29.162	216.58.200.164	0		73.570319000
6	142.250.182.174	192.168.29.162	1400		73.573812000
6	142.250.182.174	192.168.29.162	1400		73.573833000
6	216.58.200.164	192.168.29.162	0		73.573836000
6	142.250.182.174	192.168.29.162	0		73.577023000
6	142.250.182.174	192.168.29.162	1400		77.641960000
6	192.168.29.162	142.250.182.174	35		79.891398000
6	192.168.29.162	142.250.182.174	35		79.891406000
6	192.168.29.162	216.58.200.164	0		79.891426000
6	142.250.182.174	192.168.29.162	1400		79.894868000
6	216.58.200.164	192.168.29.162	0		79.894908000
6	142.250.182.174	192.168.29.162	0		79.899856000
6	192.168.29.162	142.250.182.174	35		79.909825000
6	192.168.29.162	142.250.182.174	35		79.909833000
6	192.168.29.162	142.250.182.174	0		79.912195000
6	142.250.182.174	192.168.29.162	1400		79.913317000
6	142.250.182.174	192.168.29.162	1400		79.913360000
6	192.168.29.162	142.250.182.174	0		79.914304000
6	192.168.29.162	142.250.182.174	0		79.914310000
6	142.250.182.174	192.168.29.162	1400		79.916576000
6	142.250.182.174	192.168.29.162	1400		79.916613000
6	192.168.29.162	142.250.182.174	0		79.919953000
6	192.168.29.162	142.250.182.174	35		79.919963000
6	142.250.182.174	192.168.29.162	1400		79.923176000
6	142.250.182.174	192.168.29.162	1400		79.923217000
6	192.168.29.162	142.250.182.174	0		79.925408000
6	142.250.182.174	192.168.29.162	1400		79.929762000
6	142.250.182.174	192.168.29.162	1400		79.929779000
6	192.168.29.162	142.250.182.174	0		79.930619000
6	192.168.29.162	142.250.182.174	0		79.935074000
6	142.250.182.174	192.168.29.162	1400		79.936348000
6	142.250.182.174	192.168.29.162	1400		79.936433000
6	192.168.29.162	142.250.182.174	0		79.937283000
6	142.250.182.174	192.168.29.162	0		79.942897000
6	142.250.182.174	192.168.29.162	1400		79.942925000
6	142.250.182.174	192.168.29.162	1400		79.942937000
6	192.168.29.162	142.250.182.174	0		79.943767000
6	192.168.29.162	142.250.182.174	0		79.949350000
6	142.250.182.174	192.168.29.162	1400		79.949533000
6	142.250.182.174	192.168.29.162	1400		79.949545000
6	142.250.182.174	192.168.29.162	2800		79.956143000
6	142.250.182.174	192.168.29.162	1400		79.962730000
6	142.250.182.174	192.168.29.162	1400		79.962747000
6	142.250.182.174	192.168.29.162	1400		79.969320000
6	142.250.182.174	192.168.29.162	1400		79.969349000
6	142.250.182.174	192.168.29.162	1400		79.975902000
6	142.250.182.174	192.168.29.162	1400		79.975941000
6	142.250.182.174	192.168.29.162	1400		79.982494000
6	142.250.182.174	192.168.29.162	1400		79.982519000
6	142.250.182.174	192.168.29.162	1400		79.989099000
6	142.250.182.174	192.168.29.162	1400		79.989124000
6	142.250.182.174	192.168.29.162	1400		79.995684000
6	142.250.182.174	192.168.29.162	1400		79.995701000
6	142.250.182.174	192.168.29.162	2800		80.002315000
6	142.250.182.174	192.168.29.162	1400		80.008896000
6	142.250.182.174	192.168.29.162	1400		80.012151000
6	142.250.182.174	192.168.29.162	1400		80.012164000
6	142.250.182.174	192.168.29.162	1400		80.018763000
6	142.250.182.174	192.168.29.162	1400		80.018803000
6	142.250.182.174	192.168.29.162	1400		80.025382000
6	142.250.182.174	192.168.29.162	1400		80.025405000
6	142.250.182.174	192.168.29.162	1400		80.031969000
6	142.250.182.174	192.168.29.162	1400		80.031985000
6	142.250.182.174	192.168.29.162	1400		80.038544000
6	142.250.182.174	192.168.29.162	1400		80.038561000
6	192.168.29.162	142.250.182.174	0		81.911308000
6	142.250.182.174	192.168.29.162	1400		81.914790000
6	142.250.182.174	192.168.29.162	1400		81.914813000
6	192.168.29.162	142.250.182.174	0		83.634286000
6	192.168.29.162	142.250.182.174	0		83.634293000
6	142.250.182.174	192.168.29.162	1400		83.637751000
6	142.250.182.174	192.168.29.162	1400		83.637767000
6	142.250.182.174	192.168.29.162	1400		83.641031000
6	142.250.182.174	192.168.29.162	1400		83.641044000
6	192.168.29.162	142.250.182.174	0		86.816630000
6	192.168.29.162	142.250.182.174	210		86.816637000
6	142.250.182.174	192.168.29.162	1400		86.820137000
6	142.250.182.174	192.168.29.162	1400		86.820162000
6	142.250.182.174	192.168.29.162	0		86.823356000
6	192.168.29.162	142.250.182.174	0		86.893816000
6	142.250.182.174	192.168.29.162	1400		86.897314000
6	142.250.182.174	192.168.29.162	1400		86.897352000
6	216.58.200.164	192.168.29.162	0		88.261772000
6	192.168.29.162	142.250.182.174	0		90.902004000
6	142.250.182.174	192.168.29.162	1400		90.905542000
6	142.250.182.174	192.168.29.162	1400		90.905554000
6	192.168.29.162	142.250.182.174	0		90.922071000
6	192.168.29.162	142.250.182.174	0		90.925180000
6	192.168.29.162	142.250.182.174	0		90.925187000
6	192.168.29.162	142.250.182.174	0		90.925191000
6	142.250.182.174	192.168.29.162	2800		90.925577000
6	192.168.29.162	142.250.182.174	0		90.928311000
6	142.250.182.174	192.168.29.162	1400		90.928838000
6	142.250.182.174	192.168.29.162	1400		90.928850000
6	192.168.29.162	142.250.182.174	0		90.929792000
6	192.168.29.162	142.250.182.174	0		90.929799000
6	192.168.29.162	216.58.200.164	0		90.929803000
6	192.168.29.162	142.250.182.174	0		90.929806000
6	192.168.29.162	142.250.182.174	0		90.929809000
6	192.168.29.162	142.250.182.174	0		90.929812000
6	192.168.29.162	142.250.182.174	0		90.929816000
6	192.168.29.162	216.58.200.164	0		90.929820000
6	142.250.182.174	192.168.29.162	1400		90.935444000
6	142.250.182.174	192.168.29.162	1400		90.935474000
6	142.250.182.174	192.168.29.162	1400		90.942043000
6	142.250.182.174	192.168.29.162	1400		90.942195000
6	192.168.29.162	216.58.200.164	517		90.942881000
6	192.168.29.162	142.250.182.174	0		90.942889000
6	192.168.29.162	142.250.182.174	70		90.942892000
6	192.168.29.162	142.250.182.174	35		90.942896000
6	216.58.200.164	192.168.29.162	0		90.943091000
6	192.168.29.162	142.250.182.174	0		90.947436000
6	192.168.29.162	142.250.182.174	0		90.947444000
6	142.250.182.174	192.168.29.162	1400		90.948622000
6	142.250.182.174	192.168.29.162	1400		90.948633000
6	192.168.29.162	142.250.182.174	0		90.952950000
6	142.250.182.174	192.168.29.162	1400		90.955237000
6	142.250.182.174	192.168.29.162	1400		90.955251000
6	192.168.29.162	142.250.182.174	0		90.961172000
6	142.250.182.174	192.168.29.162	0		90.961753000
6	142.250.182.174	192.168.29.162	2800		90.961820000
6	142.250.182.174	192.168.29.162	2800		90.968454000
6	142.250.182.174	192.168.29.162	1400		90.975005000
6	142.250.182.174	192.168.29.162	1400		90.975029000
6	192.168.29.162	142.250.182.174	0		90.976612000
6	192.168.29.162	142.250.182.174	0		90.978433000
6	192.168.29.162	142.250.182.174	0		90.979546000
6	142.250.182.174	192.168.29.162	1400		90.981583000
6	142.250.182.174	192.168.29.162	1400		90.981594000
6	192.168.29.162	142.250.182.174	0		90.981692000
6	192.168.29.162	142.250.182.174	0		90.981698000
6	142.250.182.174	192.168.29.162	1400		90.988182000
6	142.250.182.174	192.168.29.162	1400		90.988210000
6	142.250.182.174	192.168.29.162	1400		90.994783000
6	142.250.182.174	192.168.29.162	1400		90.994811000
6	142.250.182.174	192.168.29.162	2800		91.001394000
6	142.250.182.174	192.168.29.162	1400		91.007951000
6	142.250.182.174	192.168.29.162	1400		91.007969000
6	142.250.182.174	192.168.29.162	1400		91.014573000
6	142.250.182.174	192.168.29.162	1400		91.014589000
6	216.58.200.164	192.168.29.162	1400		91.018404000
6	216.58.200.164	192.168.29.162	1400		91.018423000
6	216.58.200.164	192.168.29.162	1650		91.018426000
6	142.250.182.174	192.168.29.162	1400		91.021140000
6	142.250.182.174	192.168.29.162	1400		91.021191000
6	142.250.182.174	192.168.29.162	1400		91.027735000
6	142.250.182.174	192.168.29.162	1400		91.027760000
6	142.250.182.174	192.168.29.162	1400		91.034323000
6	142.250.182.174	192.168.29.162	1400		91.034348000
6	142.250.182.174	192.168.29.162	1400		91.041033000
6	142.250.182.174	192.168.29.162	1400		91.041081000
6	142.250.182.174	192.168.29.162	1400		91.047539000
6	142.250.182.174	192.168.29.162	1400		91.047555000
6	142.250.182.174	192.168.29.162	1400		91.054097000
6	142.250.182.174	192.168.29.162	1400		91.054122000
6	142.250.182.174	192.168.29.162	1400		91.060693000
6	142.250.182.174	192.168.29.162	1400		91.060711000
6	142.250.182.174	192.168.29.162	1400		91.067325000
6	142.250.182.174	192.168.29.162	1400		91.067351000
6	142.250.182.174	192.168.29.162	1400		91.073886000
6	142.250.182.174	192.168.29.162	1400		91.073903000
6	142.250.182.174	192.168.29.162	1400		91.080472000
6	142.250.182.174	192.168.29.162	1400		91.080489000
6	142.250.182.174	192.168.29.162	1400		91.087111000
6	142.250.182.174	192.168.29.162	1400		91.087128000
6	142.250.182.174	192.168.29.162	1400		91.093657000
6	142.250.182.174	192.168.29.162	1400		91.093683000
6	142.250.182.174	192.168.29.162	1400		91.100296000
6	142.250.182.174	192.168.29.162	1400		91.100318000
6	142.250.182.174	192.168.29.162	1400		91.106841000
6	142.250.182.174	192.168.29.162	1400		91.106858000
6	142.250.182.174	192.168.29.162	1400		91.113443000
6	142.250.182.174	192.168.29.162	1400		91.113460000
6	142.250.182.174	192.168.29.162	2800		91.120099000
6	192.168.29.162	142.250.182.174	0		96.748562000
6	142.250.182.174	192.168.29.162	1400		96.752030000
6	142.250.182.174	192.168.29.162	1400		96.752093000
6	142.250.182.174	192.168.29.162	1400		96.755298000
6	142.250.182.174	192.168.29.162	1400		96.755316000
6	192.168.29.162	142.250.182.174	0		96.773169000
6	192.168.29.162	142.250.182.174	35		96.773177000
6	192.168.29.162	142.250.182.174	35		96.773181000
6	142.250.182.174	192.168.29.162	1400		96.776659000
6	142.250.182.174	192.168.29.162	1400		96.776690000
6	142.250.182.174	192.168.29.162	1400		96.779938000
6	142.250.182.174	192.168.29.162	1400		96.779963000
6	142.250.182.174	192.168.29.162	1400		96.786545000
6	142.250.182.174	192.168.29.162	1400		96.786564000
6	142.250.182.174	192.168.29.162	0		96.786566000
6	192.168.29.162	142.250.182.174	0		96.814829000
6	142.250.182.174	192.168.29.162	1400		96.818322000
6	142.250.182.174	192.168.29.162	1400		96.818395000
6	142.250.182.174	192.168.29.162	1400		96.821584000
6	142.250.182.174	192.168.29.162	1400		96.821602000
6	192.168.29.162	142.250.182.174	0		96.924878000
6	192.168.29.162	142.250.182.174	0		96.924885000
6	142.250.182.174	192.168.29.162	1400		96.928346000
6	142.250.182.174	192.168.29.162	1400		96.928379000
6	142.250.182.174	192.168.29.162	1400		96.931614000
6	142.250.182.174	192.168.29.162	1400		96.931630000
6	142.250.182.174	192.168.29.162	1400		96.938207000
6	142.250.182.174	192.168.29.162	1400		96.938232000
6	192.168.29.162	142.250.182.174	0		96.954974000
6	142.250.182.174	192.168.29.162	1400		96.958460000
6	142.250.182.174	192.168.29.162	1400		96.958486000
6	192.168.29.162	142.250.182.174	0		96.959512000
6	192.168.29.162	142.250.182.174	0		96.962750000
6	142.250.182.174	192.168.29.162	1400		96.962993000
6	142.250.182.174	192.168.29.162	1400		96.963013000
6	192.168.29.162	142.250.182.174	0		96.965229000
6	192.168.29.162	142.250.182.174	0		96.966279000
6	142.250.182.174	192.168.29.162	1400		96.968340000
6	142.250.182.174	192.168.29.162	1400		96.968394000
6	192.168.29.162	142.250.182.174	0		96.972401000
6	142.250.182.174	192.168.29.162	1400		96.974939000
6	142.250.182.174	192.168.29.162	1400		96.974955000
6	192.168.29.162	142.250.182.174	0		96.979210000
6	192.168.29.162	142.250.182.174	0		96.980290000
6	192.168.29.162	142.250.182.174	0		96.981381000
6	142.250.182.174	192.168.29.162	1400		96.981551000
6	142.250.182.174	192.168.29.162	1400		96.981563000
6	192.168.29.162	142.250.182.174	0		96.983561000
6	192.168.29.162	142.250.182.174	0		96.984813000
6	192.168.29.162	142.250.182.174	0		96.984821000
6	142.250.182.174	192.168.29.162	1400		96.988116000
6	142.250.182.174	192.168.29.162	1400		96.988141000
6	142.250.182.174	192.168.29.162	1400		96.994704000
6	142.250.182.174	192.168.29.162	1400		96.994728000
6	142.250.182.174	192.168.29.162	1400		97.001290000
6	142.250.182.174	192.168.29.162	1400		97.001308000
6	142.250.182.174	192.168.29.162	1400		97.007892000
6	142.250.182.174	192.168.29.162	1400		97.007917000
6	192.168.29.162	142.250.182.174	0		97.013180000
6	192.168.29.162	142.250.182.174	35		97.013190000
6	142.250.182.174	192.168.29.162	1400		97.014485000
6	142.250.182.174	192.168.29.162	1400		97.014501000
6	192.168.29.162	142.250.182.174	0		97.016752000
6	142.250.182.174	192.168.29.162	1400		97.021072000
6	142.250.182.174	192.168.29.162	1400		97.021088000
6	192.168.29.162	142.250.182.174	0		97.022905000
6	142.250.182.174	192.168.29.162	1400		97.027663000
6	142.250.182.174	192.168.29.162	1400		97.027679000
6	142.250.182.174	192.168.29.162	0		97.034210000
6	142.250.182.174	192.168.29.162	1400		97.034244000
6	142.250.182.174	192.168.29.162	1400		97.034257000
6	142.250.182.174	192.168.29.162	1400		97.040845000
6	142.250.182.174	192.168.29.162	1400		97.040862000
6	192.168.29.162	142.250.182.174	0		97.045247000
6	142.250.182.174	192.168.29.162	1400		97.047439000
6	142.250.182.174	192.168.29.162	1400		97.047468000
6	192.168.29.162	142.250.182.174	0		97.051740000
6	142.250.182.174	192.168.29.162	1400		97.054036000
6	142.250.182.174	192.168.29.162	1400		97.054053000
6	192.168.29.162	142.250.182.174	0		97.057381000
6	142.250.182.174	192.168.29.162	1400		97.060629000
6	142.250.182.174	192.168.29.162	1400		97.060644000
6	192.168.29.162	142.250.182.174	0		97.060768000
6	192.168.29.162	216.58.200.164	0		97.064880000
6	192.168.29.162	142.250.182.174	0		97.066983000
6	142.250.182.174	192.168.29.162	1400		97.067215000
6	142.250.182.174	192.168.29.162	1400		97.067226000
6	142.250.182.174	192.168.29.162	1400		97.073809000
6	142.250.182.174	192.168.29.162	1400		97.073836000
6	192.168.29.162	142.250.182.174	0		97.074519000
6	142.250.182.174	192.168.29.162	1400		97.080402000
6	142.250.182.174	192.168.29.162	1400		97.080426000
6	192.168.29.162	142.250.182.174	0		97.081144000
6	192.168.29.162	142.250.182.174	0		97.081152000
6	192.168.29.162	142.250.182.174	0		97.086658000
6	142.250.182.174	192.168.29.162	2800		97.087010000
6	142.250.182.174	192.168.29.162	1400		97.093586000
6	142.250.182.174	192.168.29.162	1400		97.093609000
6	192.168.29.162	142.250.182.174	0		97.093727000
6	192.168.29.162	142.250.182.174	0		97.097869000
6	142.250.182.174	192.168.29.162	1400		97.100227000
6	142.250.182.174	192.168.29.162	1400		97.100242000
6	142.250.182.174	192.168.29.162	1400		97.106776000
6	142.250.182.174	192.168.29.162	1400		97.106793000
6	192.168.29.162	142.250.182.174	0		97.110062000
6	192.168.29.162	142.250.182.174	0		97.112180000
6	142.250.182.174	192.168.29.162	1400		97.113368000
6	142.250.182.174	192.168.29.162	1400		97.113383000
6	142.250.182.174	192.168.29.162	1400		97.119954000
6	142.250.182.174	192.168.29.162	1400		97.119979000
6	192.168.29.162	142.250.182.174	0		97.121198000
6	192.168.29.162	142.250.182.174	0		97.124312000
6	192.168.29.162	142.250.182.174	0		97.124320000
6	142.250.182.174	192.168.29.162	1400		97.126550000
6	142.250.182.174	192.168.29.162	1400		97.126565000
6	142.250.182.174	192.168.29.162	1400		97.133146000
6	142.250.182.174	192.168.29.162	1400		97.133164000
6	192.168.29.162	142.250.182.174	0		97.133428000
6	142.250.182.174	192.168.29.162	1400		97.139740000
6	142.250.182.174	192.168.29.162	1400		97.139764000
6	192.168.29.162	142.250.182.174	0		97.140480000
6	192.168.29.162	142.250.182.174	0		97.143060000
6	192.168.29.162	142.250.182.174	0		97.145239000
6	142.250.182.174	192.168.29.162	1400		97.146325000
6	142.250.182.174	192.168.29.162	1400		97.146360000
6	192.168.29.162	142.250.182.174	39		97.147529000
6	142.250.182.174	192.168.29.162	1400		97.152935000
6	142.250.182.174	192.168.29.162	1400		97.152949000
6	192.168.29.162	216.58.200.164	0		97.157158000
6	192.168.29.162	216.58.200.164	0		97.158256000
6	142.250.182.174	192.168.29.162	1400		97.159577000
6	142.250.182.174	192.168.29.162	1400		97.159601000
6	192.168.29.162	216.58.200.164	0		97.160360000
6	192.168.29.162	216.58.200.164	0		97.160369000
6	192.168.29.162	216.58.200.164	74		97.164844000
6	142.250.182.174	192.168.29.162	1400		97.166110000
6	142.250.182.174	192.168.29.162	1400		97.166135000
6	216.58.200.164	192.168.29.162	0		97.168296000
6	142.250.182.174	192.168.29.162	1400		97.172696000
6	142.250.182.174	192.168.29.162	1400		97.172713000
6	192.168.29.162	142.250.182.174	0		97.176957000
6	142.250.182.174	192.168.29.162	1400		97.179293000
6	142.250.182.174	192.168.29.162	1400		97.179317000
6	192.168.29.162	142.250.182.174	0		97.185619000
6	142.250.182.174	192.168.29.162	1400		97.185879000
6	142.250.182.174	192.168.29.162	1400		97.185890000
6	192.168.29.162	142.250.182.174	0		97.187176000
6	192.168.29.162	142.250.182.174	0		97.191278000
6	142.250.182.174	192.168.29.162	1400		97.192485000
6	142.250.182.174	192.168.29.162	1400		97.192519000
6	142.250.182.174	192.168.29.162	1400		97.199068000
6	142.250.182.174	192.168.29.162	1400		97.199093000
6	192.168.29.162	142.250.182.174	0		97.199877000
6	142.250.182.174	192.168.29.162	1400		97.205661000
6	142.250.182.174	192.168.29.162	1400		97.205678000
6	192.168.29.162	142.250.182.174	0		97.206501000
6	142.250.182.174	192.168.29.162	1400		97.212256000
6	142.250.182.174	192.168.29.162	1400		97.212274000
6	192.168.29.162	142.250.182.174	0		97.214614000
6	192.168.29.162	142.250.182.174	0		97.217874000
6	142.250.182.174	192.168.29.162	1400		97.218845000
6	142.250.182.174	192.168.29.162	1400		97.218859000
6	192.168.29.162	142.250.182.174	0		97.225177000
6	142.250.182.174	192.168.29.162	1400		97.225430000
6	142.250.182.174	192.168.29.162	1400		97.225442000
6	192.168.29.162	142.250.182.174	0		97.230669000
6	142.250.182.174	192.168.29.162	1400		97.232029000
6	142.250.182.174	192.168.29.162	1400		97.232044000
6	192.168.29.162	142.250.182.174	0		97.232841000
6	192.168.29.162	142.250.182.174	0		97.235436000
6	142.250.182.174	192.168.29.162	1400		97.238629000
6	142.250.182.174	192.168.29.162	1400		97.238653000
6	192.168.29.162	142.250.182.174	0		97.242972000
6	192.168.29.162	142.250.182.174	0		97.242979000
6	192.168.29.162	142.250.182.174	0		97.242982000
6	192.168.29.162	142.250.182.174	0		97.242985000
6	192.168.29.162	142.250.182.174	0		97.244090000
6	142.250.182.174	192.168.29.162	1400		97.245292000
6	142.250.182.174	192.168.29.162	1400		97.245305000
6	142.250.182.174	192.168.29.162	1400		97.251843000
6	142.250.182.174	192.168.29.162	1400		97.251860000
6	192.168.29.162	142.250.182.174	0		97.254377000
6	142.250.182.174	192.168.29.162	1400		97.258398000
6	142.250.182.174	192.168.29.162	1400		97.258413000
6	192.168.29.162	142.250.182.174	0		97.259287000
6	192.168.29.162	142.250.182.174	0		97.262719000
6	192.168.29.162	142.250.182.174	0		97.263820000
6	192.168.29.162	142.250.182.174	0		97.263825000
6	142.250.182.174	192.168.29.162	1400		97.264989000
6	142.250.182.174	192.168.29.162	1400		97.265001000
6	192.168.29.162	142.250.182.174	0		97.267193000
6	142.250.182.174	192.168.29.162	1400		97.271579000
6	142.250.182.174	192.168.29.162	1400		97.271603000
6	192.168.29.162	142.250.182.174	0		97.272391000
6	192.168.29.162	142.250.182.174	0		97.274918000
6	142.250.182.174	192.168.29.162	1400		97.278169000
6	142.250.182.174	192.168.29.162	1400		97.278188000
6	192.168.29.162	142.250.182.174	0		97.279098000
6	192.168.29.162	142.250.182.174	0		97.282637000
6	192.168.29.162	142.250.182.174	0		97.284790000
6	142.250.182.174	192.168.29.162	1400		97.284829000
6	142.250.182.174	192.168.29.162	1400		97.284841000
6	192.168.29.162	142.250.182.174	0		97.286903000
6	192.168.29.162	142.250.182.174	0		97.289177000
6	192.168.29.162	142.250.182.174	0		97.290288000
6	142.250.182.174	192.168.29.162	1400		97.291355000
6	142.250.182.174	192.168.29.162	1400		97.291367000
6	192.168.29.162	142.250.182.174	0		97.292558000
6	192.168.29.162	142.250.182.174	0		97.297764000
6	142.250.182.174	192.168.29.162	1400		97.297946000
6	142.250.182.174	192.168.29.162	1400		97.297957000
6	192.168.29.162	142.250.182.174	0		97.298913000
6	142.250.182.174	192.168.29.162	1400		97.304540000
6	142.250.182.174	192.168.29.162	1400		97.304567000
6	192.168.29.162	142.250.182.174	0		97.307356000
6	192.168.29.162	142.250.182.174	0		97.309829000
6	142.250.182.174	192.168.29.162	1400		97.311141000
6	142.250.182.174	192.168.29.162	1400		97.311157000
6	192.168.29.162	142.250.182.174	0		97.313057000
6	192.168.29.162	142.250.182.174	0		97.316541000
6	142.250.182.174	192.168.29.162	1400		97.317737000
6	142.250.182.174	192.168.29.162	1400		97.317752000
6	192.168.29.162	142.250.182.174	0		97.318754000
6	192.168.29.162	142.250.182.174	0		97.320048000
6	192.168.29.162	142.250.182.174	0		97.322255000
6	142.250.182.174	192.168.29.162	1400		97.324316000
6	142.250.182.174	192.168.29.162	1400		97.324360000
6	192.168.29.162	142.250.182.174	0		97.324658000
6	192.168.29.162	142.250.182.174	0		97.326593000
6	192.168.29.162	142.250.182.174	0		97.328839000
6	142.250.182.174	192.168.29.162	1400		97.330945000
6	142.250.182.174	192.168.29.162	1400		97.330969000
6	192.168.29.162	142.250.182.174	0		97.333029000
6	192.168.29.162	142.250.182.174	0		97.334252000
6	192.168.29.162	142.250.182.174	0		97.335381000
6	142.250.182.174	192.168.29.162	1400		97.337507000
6	142.250.182.174	192.168.29.162	1400		97.337524000
6	142.250.182.174	192.168.29.162	1400		97.344106000
6	142.250.182.174	192.168.29.162	1400		97.344128000
6	192.168.29.162	142.250.182.174	0		97.344280000
6	192.168.29.162	142.250.182.174	0		97.345361000
6	192.168.29.162	142.250.182.174	0		97.345368000
6	192.168.29.162	142.250.182.174	0		97.345372000
6	192.168.29.162	142.250.182.174	0		97.345375000
6	192.168.29.162	142.250.182.174	0		97.346489000
6	192.168.29.162	142.250.182.174	0		97.347602000
6	142.250.182.174	192.168.29.162	1400		97.350691000
6	142.250.182.174	192.168.29.162	1400		97.350714000
6	192.168.29.162	142.250.182.174	0		97.350784000
6	192.168.29.162	142.250.182.174	0		97.350791000
6	192.168.29.162	142.250.182.174	0		97.353014000
6	192.168.29.162	142.250.182.174	0		97.356146000
6	142.250.182.174	192.168.29.162	1400		97.357286000
6	142.250.182.174	192.168.29.162	1400		97.357299000
6	192.168.29.162	142.250.182.174	0		97.360262000
6	192.168.29.162	142.250.182.174	0		97.361620000
6	142.250.182.174	192.168.29.162	1400		97.363876000
6	142.250.182.174	192.168.29.162	1400		97.363892000
6	192.168.29.162	142.250.182.174	0		97.368805000
6	192.168.29.162	142.250.182.174	0		97.370193000
6	142.250.182.174	192.168.29.162	1400		97.370470000
6	142.250.182.174	192.168.29.162	1400		97.370481000
6	192.168.29.162	142.250.182.174	0		97.373811000
6	192.168.29.162	142.250.182.174	0		97.373818000
6	192.168.29.162	142.250.182.174	0		97.373822000
6	192.168.29.162	142.250.182.174	0		97.373825000
6	192.168.29.162	142.250.182.174	0		97.373829000
6	192.168.29.162	142.250.182.174	0		97.374932000
6	192.168.29.162	142.250.182.174	0		97.376041000
6	142.250.182.174	192.168.29.162	1400		97.377054000
6	142.250.182.174	192.168.29.162	1400		97.377068000
6	192.168.29.162	142.250.182.174	0		97.379263000
6	192.168.29.162	142.250.182.174	0		97.381488000
6	142.250.182.174	192.168.29.162	1400		97.383658000
6	142.250.182.174	192.168.29.162	1400		97.383685000
6	192.168.29.162	142.250.182.174	0		97.384576000
6	192.168.29.162	142.250.182.174	0		97.386377000
6	192.168.29.162	142.250.182.174	0		97.387484000
6	192.168.29.162	142.250.182.174	0		97.389670000
6	142.250.182.174	192.168.29.162	1400		97.390244000
6	142.250.182.174	192.168.29.162	1400		97.390256000
6	192.168.29.162	142.250.182.174	0		97.391797000
6	192.168.29.162	142.250.182.174	0		97.391804000
6	142.250.182.174	192.168.29.162	1400		97.396841000
6	142.250.182.174	192.168.29.162	1400		97.396857000
6	192.168.29.162	142.250.182.174	0		97.403164000
6	192.168.29.162	142.250.182.174	0		97.403173000
6	192.168.29.162	142.250.182.174	0		97.403176000
6	192.168.29.162	142.250.182.174	0		97.403179000
6	142.250.182.174	192.168.29.162	1400		97.403429000
6	142.250.182.174	192.168.29.162	1400		97.403441000
6	192.168.29.162	142.250.182.174	0		97.405721000
6	192.168.29.162	142.250.182.174	0		97.406854000
6	192.168.29.162	142.250.182.174	0		97.406862000
6	192.168.29.162	142.250.182.174	0		97.406866000
6	142.250.182.174	192.168.29.162	1400		97.410019000
6	142.250.182.174	192.168.29.162	1400		97.410035000
6	142.250.182.174	192.168.29.162	1400		97.413102000
6	142.250.182.174	192.168.29.162	1400		97.413117000
6	142.250.182.174	192.168.29.162	1400		97.416182000
6	142.250.182.174	192.168.29.162	1400		97.416194000
6	192.168.29.162	142.250.182.174	0		97.416343000
6	142.250.182.174	192.168.29.162	1400		97.418454000
6	192.168.29.162	142.250.182.174	0		97.418459000
6	142.250.182.174	192.168.29.162	1400		97.418506000
6	142.250.182.174	192.168.29.162	1400		97.420779000
6	192.168.29.162	142.250.182.174	0		97.420789000
6	142.250.182.174	192.168.29.162	1400		97.420790000
6	192.168.29.162	142.250.182.174	0		97.422909000
6	142.250.182.174	192.168.29.162	1400		97.423079000
6	142.250.182.174	192.168.29.162	1400		97.423094000
6	192.168.29.162	142.250.182.174	0		97.425094000
6	142.250.182.174	192.168.29.162	1400		97.425372000
6	142.250.182.174	192.168.29.162	1400		97.425384000
6	142.250.182.174	192.168.29.162	1400		97.427668000
6	142.250.182.174	192.168.29.162	1400		97.427693000
6	142.250.182.174	192.168.29.162	1400		97.429978000
6	142.250.182.174	192.168.29.162	1400		97.430002000
6	192.168.29.162	142.250.182.174	0		97.431661000
6	142.250.182.174	192.168.29.162	1400		97.432261000
6	142.250.182.174	192.168.29.162	1400		97.432286000
6	192.168.29.162	142.250.182.174	0		97.433358000
6	192.168.29.162	142.250.182.174	0		97.434529000
6	142.250.182.174	192.168.29.162	1400		97.434571000
6	142.250.182.174	192.168.29.162	1400		97.434583000
6	142.250.182.174	192.168.29.162	1400		97.436861000
6	142.250.182.174	192.168.29.162	1400		97.436875000
6	142.250.182.174	192.168.29.162	1400		97.439182000
6	142.250.182.174	192.168.29.162	1400		97.439201000
6	192.168.29.162	142.250.182.174	0		97.441427000
6	142.250.182.174	192.168.29.162	1400		97.441463000
6	142.250.182.174	192.168.29.162	1400		97.441474000
6	192.168.29.162	142.250.182.174	0		97.442553000
6	142.250.182.174	192.168.29.162	1400		97.443756000
6	142.250.182.174	192.168.29.162	1400		97.443770000
6	192.168.29.162	142.250.182.174	0		97.444844000
6	142.250.182.174	192.168.29.162	1400		97.446056000
6	142.250.182.174	192.168.29.162	1400		97.446073000
6	192.168.29.162	142.250.182.174	0		97.447074000
6	142.250.182.174	192.168.29.162	1400		97.448351000
6	142.250.182.174	192.168.29.162	1400		97.448367000
6	142.250.182.174	192.168.29.162	1400		97.450659000
6	142.250.182.174	192.168.29.162	1400		97.450677000
6	192.168.29.162	142.250.182.174	0		97.451388000
6	142.250.182.174	192.168.29.162	1400		97.452943000
6	142.250.182.174	192.168.29.162	1400		97.452954000
6	142.250.182.174	192.168.29.162	1400		97.455247000
6	142.250.182.174	192.168.29.162	1400		97.455264000
6	192.168.29.162	142.250.182.174	0		97.456480000
6	142.250.182.174	192.168.29.162	1400		97.457539000
6	142.250.182.174	192.168.29.162	1400		97.457556000
6	192.168.29.162	142.250.182.174	0		97.458594000
6	192.168.29.162	142.250.182.174	0		97.459838000
6	142.250.182.174	192.168.29.162	1400		97.459843000
6	142.250.182.174	192.168.29.162	1400		97.459857000
6	142.250.182.174	192.168.29.162	1400		97.462094000
6	142.250.182.174	192.168.29.162	1400		97.462105000
6	192.168.29.162	142.250.182.174	0		97.463141000
6	142.250.182.174	192.168.29.162	1400		97.464344000
6	142.250.182.174	192.168.29.162	1400		97.464356000
6	192.168.29.162	142.250.182.174	0		97.465482000
6	142.250.182.174	192.168.29.162	1400		97.466589000
6	142.250.182.174	192.168.29.162	1400		97.466599000
6	192.168.29.162	142.250.182.174	0		97.467678000
6	142.250.182.174	192.168.29.162	2800		97.468638000
6	192.168.29.162	142.250.182.174	0		97.469910000
6	142.250.182.174	192.168.29.162	1400		97.470615000
6	142.250.182.174	192.168.29.162	1400		97.470626000
6	192.168.29.162	142.250.182.174	0		97.471852000
6	142.250.182.174	192.168.29.162	1400		97.472504000
6	142.250.182.174	192.168.29.162	1400		97.472515000
6	142.250.182.174	192.168.29.162	1400		97.474387000
6	142.250.182.174	192.168.29.162	1400		97.474424000
6	192.168.29.162	142.250.182.174	0		97.475986000
6	142.250.182.174	192.168.29.162	1400		97.476193000
6	142.250.182.174	192.168.29.162	1400		97.476205000
6	142.250.182.174	192.168.29.162	1400		97.477920000
6	142.250.182.174	192.168.29.162	1400		97.477936000
6	142.250.182.174	192.168.29.162	1400		97.479570000
6	142.250.182.174	192.168.29.162	1400		97.479585000
6	142.250.182.174	192.168.29.162	1400		97.481117000
6	142.250.182.174	192.168.29.162	1400		97.481132000
6	192.168.29.162	142.250.182.174	0		97.482122000
6	142.250.182.174	192.168.29.162	1400		97.482756000
6	142.250.182.174	192.168.29.162	1400		97.482767000
6	192.168.29.162	142.250.182.174	0		97.482865000
6	192.168.29.162	142.250.182.174	0		97.482870000
6	142.250.182.174	192.168.29.162	1400		97.484106000
6	142.250.182.174	192.168.29.162	1400		97.484137000
6	142.250.182.174	192.168.29.162	1400		97.485579000
6	142.250.182.174	192.168.29.162	1400		97.485590000
6	192.168.29.162	142.250.182.174	0		97.485976000
6	142.250.182.174	192.168.29.162	1400		97.486992000
6	142.250.182.174	192.168.29.162	1400		97.487002000
6	142.250.182.174	192.168.29.162	1400		97.488463000
6	142.250.182.174	192.168.29.162	1400		97.488475000
6	192.168.29.162	142.250.182.174	0		97.488845000
6	142.250.182.174	192.168.29.162	1400		97.489909000
6	142.250.182.174	192.168.29.162	1400		97.489924000
6	192.168.29.162	142.250.182.174	0		97.490752000
6	142.250.182.174	192.168.29.162	1400		97.491160000
6	142.250.182.174	192.168.29.162	1400		97.491172000
6	142.250.182.174	192.168.29.162	1400		97.492413000
6	142.250.182.174	192.168.29.162	1400		97.492425000
6	142.250.182.174	192.168.29.162	1400		97.493583000
6	142.250.182.174	192.168.29.162	1400		97.493594000
6	142.250.182.174	192.168.29.162	1400		97.494750000
6	142.250.182.174	192.168.29.162	1400		97.494761000
6	142.250.182.174	192.168.29.162	1400		97.495898000
6	142.250.182.174	192.168.29.162	1400		97.495909000
6	142.250.182.174	192.168.29.162	1400		97.497050000
6	142.250.182.174	192.168.29.162	1400		97.497061000
6	192.168.29.162	142.250.182.174	0		97.497071000
6	142.250.182.174	192.168.29.162	1400		97.498182000
6	142.250.182.174	192.168.29.162	1400		97.498193000
6	142.250.182.174	192.168.29.162	1400		97.499310000
6	142.250.182.174	192.168.29.162	1400		97.499321000
6	142.250.182.174	192.168.29.162	1400		97.500445000
6	142.250.182.174	192.168.29.162	1400		97.500459000
6	142.250.182.174	192.168.29.162	1400		97.501578000
6	142.250.182.174	192.168.29.162	1400		97.501589000
6	142.250.182.174	192.168.29.162	1400		97.502708000
6	142.250.182.174	192.168.29.162	1400		97.502736000
6	142.250.182.174	192.168.29.162	1400		97.503836000
6	142.250.182.174	192.168.29.162	1400		97.503854000
6	142.250.182.174	192.168.29.162	1400		97.504849000
6	142.250.182.174	192.168.29.162	1400		97.504861000
6	142.250.182.174	192.168.29.162	1400		97.505849000
6	142.250.182.174	192.168.29.162	1400		97.505861000
6	142.250.182.174	192.168.29.162	1400		97.506849000
6	142.250.182.174	192.168.29.162	1400		97.506860000
6	142.250.182.174	192.168.29.162	1400		97.507857000
6	142.250.182.174	192.168.29.162	1400		97.507868000
6	192.168.29.162	142.250.182.174	0		97.508849000
6	142.250.182.174	192.168.29.162	1400		97.508852000
6	192.168.29.162	142.250.182.174	0		97.508857000
6	142.250.182.174	192.168.29.162	1400		97.508863000
6	142.250.182.174	192.168.29.162	1400		97.509863000
6	142.250.182.174	192.168.29.162	1400		97.509875000
6	192.168.29.162	142.250.182.174	0		97.509959000
6	192.168.29.162	142.250.182.174	0		97.509965000
6	192.168.29.162	142.250.182.174	0		97.509968000
6	192.168.29.162	142.250.182.174	0		97.509972000
6	142.250.182.174	192.168.29.162	1400		97.510871000
6	142.250.182.174	192.168.29.162	1400		97.510885000
6	142.250.182.174	192.168.29.162	1400		97.511872000
6	142.250.182.174	192.168.29.162	1400		97.511884000
6	142.250.182.174	192.168.29.162	1400		97.512878000
6	142.250.182.174	192.168.29.162	1400		97.512891000
6	192.168.29.162	142.250.182.174	0		97.513110000
6	142.250.182.174	192.168.29.162	1400		97.513879000
6	142.250.182.174	192.168.29.162	1400		97.513891000
6	142.250.182.174	192.168.29.162	1400		97.514895000
6	142.250.182.174	192.168.29.162	1400		97.514907000
6	142.250.182.174	192.168.29.162	1400		97.515882000
6	142.250.182.174	192.168.29.162	1400		97.515896000
6	142.250.182.174	192.168.29.162	1400		97.516820000
6	142.250.182.174	192.168.29.162	1400		97.516832000
6	142.250.182.174	192.168.29.162	1400		97.517756000
6	142.250.182.174	192.168.29.162	1400		97.517767000
6	142.250.182.174	192.168.29.162	1400		97.518692000
6	142.250.182.174	192.168.29.162	1400		97.518703000
6	142.250.182.174	192.168.29.162	1400		97.519599000
6	142.250.182.174	192.168.29.162	1400		97.519610000
6	142.250.182.174	192.168.29.162	1400		97.520497000
6	142.250.182.174	192.168.29.162	1400		97.520509000
6	142.250.182.174	192.168.29.162	1400		97.521405000
6	142.250.182.174	192.168.29.162	1400		97.521416000
6	142.250.182.174	192.168.29.162	1400		97.522314000
6	142.250.182.174	192.168.29.162	1400		97.522331000
6	192.168.29.162	142.250.182.174	0		97.522611000
6	192.168.29.162	142.250.182.174	0		97.522617000
6	192.168.29.162	142.250.182.174	0		97.522621000
6	192.168.29.162	142.250.182.174	0		97.522625000
6	142.250.182.174	192.168.29.162	1400		97.523236000
6	142.250.182.174	192.168.29.162	1400		97.523247000
6	192.168.29.162	142.250.182.174	0		97.524094000
6	192.168.29.162	142.250.182.174	0		97.524100000
6	142.250.182.174	192.168.29.162	1400		97.524129000
6	142.250.182.174	192.168.29.162	1400		97.524155000
6	142.250.182.174	192.168.29.162	1400		97.525037000
6	142.250.182.174	192.168.29.162	1400		97.525049000
6	142.250.182.174	192.168.29.162	1400		97.525952000
6	142.250.182.174	192.168.29.162	1400		97.525966000
6	192.168.29.162	142.250.182.174	0		97.526077000
6	142.250.182.174	192.168.29.162	1400		97.526850000
6	142.250.182.174	192.168.29.162	1400		97.526862000
6	142.250.182.174	192.168.29.162	1400		97.527762000
6	142.250.182.174	192.168.29.162	1400		97.527785000
6	142.250.182.174	192.168.29.162	1400		97.528671000
6	142.250.182.174	192.168.29.162	1400		97.528683000
6	192.168.29.162	142.250.182.174	0		97.529182000
6	142.250.182.174	192.168.29.162	1400		97.529582000
6	142.250.182.174	192.168.29.162	1400		97.529654000
6	142.250.182.174	192.168.29.162	1400		97.530439000
6	142.250.182.174	192.168.29.162	1400		97.530518000
6	192.168.29.162	142.250.182.174	0		97.530841000
6	142.250.182.174	192.168.29.162	1400		97.531307000
6	142.250.182.174	192.168.29.162	1400		97.531329000
6	142.250.182.174	192.168.29.162	1400		97.532176000
6	142.250.182.174	192.168.29.162	1400		97.532188000
6	142.250.182.174	192.168.29.162	1400		97.533033000
6	142.250.182.174	192.168.29.162	1400		97.533069000
6	192.168.29.162	142.250.182.174	0		97.533373000
6	142.250.182.174	192.168.29.162	1400		97.533888000
6	142.250.182.174	192.168.29.162	1400		97.533899000
6	142.250.182.174	192.168.29.162	1400		97.534756000
6	142.250.182.174	192.168.29.162	1400		97.534770000
6	192.168.29.162	142.250.182.174	0		97.535082000
6	142.250.182.174	192.168.29.162	1400		97.535643000
6	142.250.182.174	192.168.29.162	1400		97.535654000
6	142.250.182.174	192.168.29.162	1400		97.536476000
6	142.250.182.174	192.168.29.162	1400		97.536489000
6	192.168.29.162	142.250.182.174	0		97.536866000
6	142.250.182.174	192.168.29.162	1400		97.537312000
6	142.250.182.174	192.168.29.162	1400		97.537324000
6	142.250.182.174	192.168.29.162	1400		97.538162000
6	142.250.182.174	192.168.29.162	1400		97.538191000
6	142.250.182.174	192.168.29.162	1400		97.538984000
6	142.250.182.174	192.168.29.162	1400		97.538996000
6	142.250.182.174	192.168.29.162	1400		97.539822000
6	142.250.182.174	192.168.29.162	1400		97.539833000
6	142.250.182.174	192.168.29.162	1400		97.540656000
6	142.250.182.174	192.168.29.162	1400		97.540670000
6	142.250.182.174	192.168.29.162	1400		97.541483000
6	142.250.182.174	192.168.29.162	1400		97.541494000
6	192.168.29.162	142.250.182.174	0		97.541773000
6	142.250.182.174	192.168.29.162	1400		97.542303000
6	142.250.182.174	192.168.29.162	1400		97.542314000
6	142.250.182.174	192.168.29.162	1400		97.543133000
6	142.250.182.174	192.168.29.162	1400		97.543141000
6	142.250.182.174	192.168.29.162	1400		97.543948000
6	142.250.182.174	192.168.29.162	1400		97.543959000
6	142.250.182.174	192.168.29.162	1400		97.544767000
6	142.250.182.174	192.168.29.162	1400		97.544788000
6	142.250.182.174	192.168.29.162	1400		97.545585000
6	142.250.182.174	192.168.29.162	1400		97.545596000
6	142.250.182.174	192.168.29.162	1400		97.546409000
6	142.250.182.174	192.168.29.162	1400		97.546420000
6	142.250.182.174	192.168.29.162	1400		97.547228000
6	142.250.182.174	192.168.29.162	1400		97.547240000
6	142.250.182.174	192.168.29.162	1400		97.548050000
6	142.250.182.174	192.168.29.162	1400		97.548061000
6	142.250.182.174	192.168.29.162	1400		97.548863000
6	142.250.182.174	192.168.29.162	1400		97.548876000
6	142.250.182.174	192.168.29.162	1400		97.549684000
6	142.250.182.174	192.168.29.162	1400		97.549702000
6	192.168.29.162	142.250.182.174	0		97.549820000
6	142.250.182.174	192.168.29.162	1400		97.550505000
6	142.250.182.174	192.168.29.162	1400		97.550522000
6	142.250.182.174	192.168.29.162	1400		97.551320000
6	142.250.182.174	192.168.29.162	1400		97.551331000
6	142.250.182.174	192.168.29.162	1400		97.552155000
6	142.250.182.174	192.168.29.162	1400		97.552166000
6	142.250.182.174	192.168.29.162	1400		97.552967000
6	142.250.182.174	192.168.29.162	1400		97.552978000
6	142.250.182.174	192.168.29.162	1400		97.553779000
6	142.250.182.174	192.168.29.162	1400		97.553790000
6	192.168.29.162	142.250.182.174	0		97.553884000
6	142.250.182.174	192.168.29.162	1400		97.554601000
6	142.250.182.174	192.168.29.162	1400		97.554612000
6	142.250.182.174	192.168.29.162	1400		97.555418000
6	142.250.182.174	192.168.29.162	1400		97.555429000
6	192.168.29.162	142.250.182.174	0		97.555989000
6	192.168.29.162	142.250.182.174	0		97.555996000
6	142.250.182.174	192.168.29.162	1400		97.556235000
6	142.250.182.174	192.168.29.162	1400		97.556247000
6	142.250.182.174	192.168.29.162	1400		97.557057000
6	142.250.182.174	192.168.29.162	1400		97.557073000
6	192.168.29.162	142.250.182.174	0		97.557423000
6	142.250.182.174	192.168.29.162	1400		97.557882000
6	142.250.182.174	192.168.29.162	1400		97.557894000
6	142.250.182.174	192.168.29.162	1400		97.558699000
6	142.250.182.174	192.168.29.162	1400		97.558711000
6	142.250.182.174	192.168.29.162	1400		97.559514000
6	142.250.182.174	192.168.29.162	1400		97.559526000
6	142.250.182.174	192.168.29.162	1400		97.560338000
6	142.250.182.174	192.168.29.162	1400		97.560350000
6	142.250.182.174	192.168.29.162	1400		97.561162000
6	142.250.182.174	192.168.29.162	1400		97.561175000
6	192.168.29.162	142.250.182.174	0		97.561534000
6	142.250.182.174	192.168.29.162	1400		97.561973000
6	142.250.182.174	192.168.29.162	1400		97.561984000
6	142.250.182.174	192.168.29.162	1400		97.562800000
6	142.250.182.174	192.168.29.162	1400		97.562813000
6	142.250.182.174	192.168.29.162	1400		97.563613000
6	142.250.182.174	192.168.29.162	1400		97.563626000
6	192.168.29.162	142.250.182.174	0		97.564202000
6	142.250.182.174	192.168.29.162	1400		97.564431000
6	142.250.182.174	192.168.29.162	1400		97.564441000
6	142.250.182.174	192.168.29.162	1400		97.565254000
6	142.250.182.174	192.168.29.162	1400		97.565265000
6	142.250.182.174	192.168.29.162	2800		97.566093000
6	142.250.182.174	192.168.29.162	1400		97.566888000
6	142.250.182.174	192.168.29.162	1400		97.566902000
6	142.250.182.174	192.168.29.162	1400		97.567714000
6	142.250.182.174	192.168.29.162	1400		97.567728000
6	192.168.29.162	142.250.182.174	0		97.567853000
6	142.250.182.174	192.168.29.162	1400		97.568532000
6	142.250.182.174	192.168.29.162	1400		97.568543000
6	142.250.182.174	192.168.29.162	1400		97.569344000
6	142.250.182.174	192.168.29.162	1400		97.569356000
6	192.168.29.162	142.250.182.174	0		97.569958000
6	142.250.182.174	192.168.29.162	1400		97.570166000
6	142.250.182.174	192.168.29.162	1400		97.570177000
6	142.250.182.174	192.168.29.162	1400		97.571012000
6	142.250.182.174	192.168.29.162	1400		97.571027000
6	142.250.182.174	192.168.29.162	2800		97.571847000
6	142.250.182.174	192.168.29.162	1400		97.572621000
6	142.250.182.174	192.168.29.162	1400		97.572637000
6	142.250.182.174	192.168.29.162	1400		97.573459000
6	142.250.182.174	192.168.29.162	1400		97.573469000
6	142.250.182.174	192.168.29.162	1400		97.574267000
6	142.250.182.174	192.168.29.162	1400		97.574290000
6	142.250.182.174	192.168.29.162	1400		97.575129000
6	142.250.182.174	192.168.29.162	1400		97.575141000
6	142.250.182.174	192.168.29.162	1400		97.575909000
6	142.250.182.174	192.168.29.162	1400		97.575921000
6	142.250.182.174	192.168.29.162	1400		97.576718000
6	142.250.182.174	192.168.29.162	1400		97.576734000
6	142.250.182.174	192.168.29.162	1400		97.577536000
6	142.250.182.174	192.168.29.162	1400		97.577568000
6	142.250.182.174	192.168.29.162	1400		97.578363000
6	142.250.182.174	192.168.29.162	1400		97.578374000
6	142.250.182.174	192.168.29.162	1400		97.579176000
6	142.250.182.174	192.168.29.162	1400		97.579187000
6	142.250.182.174	192.168.29.162	1400		97.579996000
6	142.250.182.174	192.168.29.162	1400		97.580007000
6	142.250.182.174	192.168.29.162	1400		97.580817000
6	142.250.182.174	192.168.29.162	1400		97.580828000
6	192.168.29.162	142.250.182.174	0		97.580935000
6	192.168.29.162	142.250.182.174	0		97.580941000
6	192.168.29.162	142.250.182.174	0		97.580945000
6	142.250.182.174	192.168.29.162	1400		97.581637000
6	142.250.182.174	192.168.29.162	1400		97.581648000
6	192.168.29.162	142.250.182.174	0		97.582047000
6	142.250.182.174	192.168.29.162	1400		97.582450000
6	142.250.182.174	192.168.29.162	1400		97.582461000
6	142.250.182.174	192.168.29.162	1400		97.583271000
6	142.250.182.174	192.168.29.162	1400		97.583282000
6	142.250.182.174	192.168.29.162	1400		97.584091000
6	142.250.182.174	192.168.29.162	1400		97.584102000
6	192.168.29.162	142.250.182.174	0		97.584475000
6	142.250.182.174	192.168.29.162	1400		97.584923000
6	142.250.182.174	192.168.29.162	1400		97.584934000
6	142.250.182.174	192.168.29.162	1400		97.585726000
6	142.250.182.174	192.168.29.162	1400		97.585737000
6	142.250.182.174	192.168.29.162	1400		97.586546000
6	142.250.182.174	192.168.29.162	1400		97.586557000
6	142.250.182.174	192.168.29.162	1400		97.587373000
6	142.250.182.174	192.168.29.162	1400		97.587384000
6	192.168.29.162	142.250.182.174	0		97.588113000
6	142.250.182.174	192.168.29.162	1400		97.588191000
6	142.250.182.174	192.168.29.162	1400		97.588206000
6	142.250.182.174	192.168.29.162	1400		97.589021000
6	142.250.182.174	192.168.29.162	1400		97.589038000
6	192.168.29.162	142.250.182.174	0		97.589124000
6	142.250.182.174	192.168.29.162	905		97.589813000
6	192.168.29.162	142.250.182.174	0		97.590224000
6	192.168.29.162	142.250.182.174	0		97.600116000
6	192.168.29.162	142.250.182.174	0		97.600125000
6	192.168.29.162	142.250.182.174	0		97.600129000
6	192.168.29.162	142.250.182.174	0		97.602331000
6	192.168.29.162	142.250.182.174	0		97.604448000
6	192.168.29.162	142.250.182.174	0		97.608659000
6	142.250.182.174	192.168.29.162	905		97.793830000
