protocol,tcp_bytes,quic_bytes,real_time
6	0		0.000000000
6	0		0.000024000
6	0		0.000033000
6	0		0.000040000
6	0		0.000045000
6	0		0.000076000
6	0		0.001755000
6	0		0.001805000
6	0		0.001813000
6	0		0.001816000
6	0		0.001971000
6	0		0.002366000
6	0		0.186155000
6	0		0.186179000
6	0		0.186184000
6	0		0.186190000
6	0		0.186195000
6	0		0.186199000
6	0		0.186203000
6	0		0.187845000
6	517		0.373268000
6	0		0.374303000
6	2836		0.378053000
6	2836		0.378063000
6	961		0.378068000
6	0		0.495031000
6	0		0.559990000
6	517		0.560009000
6	0		0.561449000
6	1418		0.562402000
6	1418		0.562415000
6	1418		0.562439000
6	1418		0.562448000
6	961		0.562479000
6	0		0.747942000
6	0		0.747962000
6	0		0.747967000
6	0		0.747973000
6	0		0.748000000
6	0		0.748007000
6	0		0.748026000
6	0		0.749544000
6	0		0.749839000
6	0		0.749871000
6	0		0.934235000
6	0		0.934256000
6	0		0.934264000
6	0		0.935745000
6	0		0.935821000
6	0		0.936019000
6	0		0.988726000
6	0		1.002264000
6	0		1.002913000
6	0		1.053765000
6	0		1.121163000
6	0		1.238723000
6	0		1.239465000
6	0		1.241317000
6	0		1.310918000
6	0		1.310950000
6	517		1.310958000
6	0		1.310964000
6	0		1.310968000
6	0		1.310972000
6	0		1.312210000
6	0		1.312282000
6	961		1.326931000
6	64		1.495551000
6	92		1.495573000
6	608		1.497347000
6	31		1.497371000
6	0		1.615066000
6	1256		1.682387000
6	0		1.682414000
6	0		1.682420000
6	0		1.682425000
6	0		1.682429000
6	0		1.682451000
6	0		1.682456000
6	0		1.682471000
6	0		1.682485000
6	0		1.683379000
6	0		1.683400000
6	0		1.683805000
6	0		1.689095000
6	574		1.843376000
6	1418		1.843406000
6	661		1.843409000
6	194		1.850849000
6	39		1.851648000
6	1256		1.869966000
6	0		1.871359000
6	0		1.922443000
6	0		1.936461000
6	0		1.937008000
6	0		2.056450000
6	0		2.056469000
6	0		2.056486000
6	0		2.056493000
6	0		2.056497000
6	0		2.057550000
6	0		2.058052000
6	0		2.058077000
6	0		2.243621000
6	0		2.244930000
6	0		2.430633000
6	0		2.430660000
6	0		2.430666000
6	0		2.430671000
6	0		2.430681000
6	0		2.430684000
6	0		2.430688000
6	0		2.430692000
6	0		2.430698000
6	0		2.430703000
6	64		2.430707000
6	517		2.430711000
6	0		2.431637000
6	0		2.432090000
6	608		2.432356000
6	2688		2.435039000
6	1597		2.435060000
6	517		2.617810000
6	517		2.617833000
6	517		2.617840000
6	0		2.618829000
6	0		2.618858000
6	0		2.619135000
6	2836		2.619917000
6	1630		2.619930000
6	2836		2.619968000
6	1631		2.620013000
6	2141		2.623021000
6	517		2.805095000
6	517		2.805115000
6	0		2.806693000
6	0		2.806753000
6	1418		2.807194000
6	4254		2.807211000
6	1104		2.807258000
6	2836		2.808050000
6	2836		2.808113000
6	1103		2.808124000
6	39		2.855379000
6	517		2.991270000
6	517		2.991288000
6	517		2.991292000
6	0		2.991297000
6	0		2.991301000
6	0		2.991305000
6	0		3.178139000
6	0		3.178160000
6	0		3.178165000
6	517		3.178171000
6	0		3.179543000
6	2836		3.179840000
6	2836		3.179876000
6	1103		3.179918000
6	0		3.231313000
6	2896		3.233353000
6	572		3.233389000
6	0		3.245199000
6	0		3.245995000
6	1448		3.246524000
6	2019		3.246564000
6	2896		3.247294000
6	571		3.247311000
6	1412		3.365679000
6	0		3.365701000
6	0		3.365707000
6	0		3.365714000
6	0		3.365718000
6	31		3.365722000
6	0		3.365736000
6	0		3.365739000
6	0		3.365745000
6	0		3.365751000
6	0		3.365755000
6	0		3.367236000
6	0		3.367264000
6	0		3.552738000
6	0		3.552762000
6	0		3.552766000
6	0		3.552772000
6	0		3.552776000
6	39		3.552780000
6	0		3.552799000
6	0		3.552806000
6	0		3.552810000
6	517		3.552817000
6	0		3.552825000
6	0		3.552832000
6	0		3.553696000
6	0		3.554182000
6	681		3.684094000
6	39		3.739481000
6	0		3.739505000
6	0		3.739512000
6	0		3.740862000
6	64		3.926290000
6	0		3.927170000
6	0		4.113097000
6	0		4.300478000
6	0		4.300497000
6	0		4.300501000
6	74		4.487797000
6	92		4.487819000
6	312		4.487823000
6	32		4.487827000
6	0		4.487833000
6	918		4.489590000
6	31		4.490256000
6	803		4.496440000
6	303		4.496460000
6	163		4.496488000
6	39		4.496554000
6	0		4.674960000
6	0		5.048557000
6	0		5.048575000
6	74		5.048579000
6	0		5.048595000
6	918		5.050086000
6	0		5.235551000
6	64		5.422818000
6	517		5.422841000
6	0		5.422846000
6	0		5.423732000
6	0		5.423942000
6	512		5.423953000
6	70		5.609360000
6	0		5.609389000
6	0		5.610734000
6	1103		5.863381000
6	0		5.983792000
6	0		5.983824000
6	517		6.170026000
6	517		6.170047000
6	517		6.357387000
6	0		6.357408000
6	74		6.357412000
6	92		6.357421000
6	518		6.357426000
6	0		6.357431000
6	0		6.358571000
6	910		6.359116000
6	31		6.359333000
6	1097		6.381241000
6	1418		6.381275000
6	1418		6.381279000
6	0		6.424152000
6	0		6.424826000
6	1418		6.438504000
6	1418		6.495816000
6	0		6.544263000
6	1418		6.553086000
6	0		6.597524000
6	1418		6.610285000
6	1418		6.667573000
6	339		6.724786000
6	0		6.918018000
6	0		6.918037000
6	0		6.918041000
6	0		6.918049000
6	1103		6.951196000
6	74		7.105889000
6	0		7.105910000
6	910		7.108187000
6	0		7.292617000
6	64		7.479959000
6	0		7.479978000
6	0		7.480911000
6	32		7.666287000
6	0		7.667643000
6	39		7.846523000
6	0		7.853394000
6	0		7.853423000
6	571		7.930808000
6	572		7.932461000
6	571		7.932493000
6	74		8.040896000
6	74		8.040916000
6	0		8.040935000
6	0		8.041879000
6	0		8.041927000
6	910		8.042979000
6	0		8.227416000
6	64		8.414704000
6	0		8.414725000
6	0		8.415702000
6	64		8.601093000
6	0		8.788889000
6	0		8.788906000
6	0		8.788910000
6	64		8.788913000
6	0		8.841119000
6	303		8.841431000
6	303		8.841545000
6	918		8.889057000
6	0		8.975441000
6	0		9.042975000
6	303		9.043243000
6	303		9.043367000
6	70		9.162729000
6	0		9.162748000
6	0		9.163709000
6	0		9.536773000
6	0		9.536795000
6	64		9.536800000
6	0		9.536826000
6	518		9.536831000
6	0		9.536837000
6	0		9.536841000
6	31		9.536845000
6	0		9.538247000
6	0		9.538393000
6	0		9.538651000
6	0		9.538735000
6	0		9.791359000
6	303		9.791484000
6	303		9.791524000
6	0		9.842429000
6	0		9.847238000
6	0		9.910657000
6	39		9.910678000
6	0		9.910683000
6	0		9.912169000
6	0		10.097665000
6	0		10.097688000
6	0		10.285069000
6	31		10.285090000
6	0		10.286408000
6	0		10.472054000
6	74		10.472078000
6	0		10.472087000
6	0		10.473589000
6	0		10.473872000
17		1358	10.659144000
17		1358	10.662474000
17		1358	10.662497000
17		1358	10.662501000
17		1358	10.662504000
17		342	10.662507000
6	317		10.845640000
6	0		10.845685000
6	0		10.845696000
6	0		10.846911000
6	0		10.847026000
6	335		10.848303000
6	1418		10.860513000
6	1418		10.917721000
17		1358	10.962291000
6	1418		10.974941000
6	1418		11.032211000
17		1358	11.032309000
6	0		11.032326000
17		1358	11.034096000
6	1418		11.089466000
6	1418		11.146710000
6	1418		11.204008000
6	0		11.220047000
6	1418		11.261200000
6	1418		11.318551000
6	1418		11.375717000
6	1418		11.432946000
6	1418		11.490212000
6	1418		11.547472000
17		1358	11.594028000
17		1358	11.595875000
6	1418		11.604777000
6	1418		11.661957000
6	1418		11.719245000
6	1418		11.776474000
6	74		11.780399000
6	0		11.780427000
6	0		11.780433000
6	0		11.782081000
6	1418		11.833695000
6	1418		11.890951000
6	1418		11.948189000
6	0		11.967579000
6	39		11.967597000
6	116		11.967601000
6	96		11.967607000
6	102		11.967611000
6	0		11.967616000
6	0		11.967621000
6	0		11.967625000
6	1418		12.005442000
6	1418		12.062697000
6	1418		12.120002000
6	0		12.120047000
6	0		12.154365000
6	0		12.154389000
6	1418		12.177206000
17		1358	12.196462000
6	1418		12.234455000
6	1418		12.291764000
6	1418		12.349023000
6	1418		12.406230000
6	1418		12.463511000
6	0		12.502917000
6	1418		12.520674000
6	0		12.529186000
6	0		12.529213000
6	0		12.530520000
6	0		12.715005000
6	0		12.715033000
6	0		12.715037000
6	0		12.715044000
6	0		12.716444000
17		1358	12.902248000
6	0		12.902273000
6	0		12.902280000
6	0		12.902283000
17		1358	12.904179000
6	0		13.089561000
6	0		13.089584000
6	0		13.089592000
6	0		13.089597000
6	0		13.089603000
6	0		13.089608000
6	517		13.089613000
6	517		13.089617000
6	0		13.090917000
6	0		13.091038000
6	1418		13.091726000
6	6073		13.091885000
6	1418		13.092165000
6	1418		13.092196000
6	1418		13.092225000
6	1418		13.092252000
6	1819		13.092290000
17		1358	13.276234000
17		49	13.464092000
17		49	13.651145000
6	0		13.837584000
17		174	13.837609000
6	0		13.837624000
6	0		13.837631000
6	0		13.838998000
6	0		13.839484000
17		630	13.839840000
17		34	13.864687000
17		84	13.874991000
6	0		14.025003000
6	1418		14.026385000
6	1418		14.055044000
6	0		14.141475000
6	0		14.143747000
6	0		14.212068000
6	1418		14.213389000
6	1418		14.242043000
6	0		14.398656000
17		169	14.398677000
6	1418		14.400087000
17		33	14.400424000
6	1418		14.428728000
6	0		14.772715000
6	0		14.772736000
17		171	14.772744000
6	1418		14.774058000
6	0		14.774384000
17		35	14.775228000
6	1418		14.802736000
6	0		14.959233000
6	0		14.960343000
6	0		15.146489000
6	1418		15.147877000
6	1418		15.176568000
6	1418		15.233738000
6	1418		15.291079000
6	0		15.333844000
6	1418		15.348292000
6	1418		15.405497000
6	1418		15.462781000
6	1418		15.520000000
6	0		15.707565000
6	1418		15.708924000
6	1418		15.737557000
6	1418		15.794813000
6	1418		15.852205000
6	0		16.081778000
6	1418		16.083081000
6	1418		16.111744000
6	0		16.455455000
6	1418		16.456881000
6	1418		16.485502000
6	0		16.813150000
17		173	16.829948000
6	0		16.829973000
6	0		16.829981000
6	0		16.831120000
17		37	16.831830000
6	0		16.831952000
6	0		17.016377000
6	1418		17.017697000
6	1418		17.046394000
6	0		17.577288000
6	1418		17.578614000
6	1418		17.607207000
6	0		17.764649000
6	1418		17.766009000
6	1418		17.794629000
6	102		17.952008000
6	0		17.953330000
17		1358	18.072936000
6	0		18.138300000
6	1418		18.139659000
6	1418		18.168273000
6	0		18.512989000
6	0		18.513019000
6	1418		18.514428000
6	1418		18.543088000
6	0		18.863929000
17		175	18.886464000
17		39	18.888250000
6	0		19.074108000
6	0		19.261069000
6	0		19.448019000
6	0		19.634983000
6	0		19.821886000
6	0		19.821906000
6	517		20.008279000
6	0		20.009936000
6	0		20.195636000
17		177	20.195670000
17		41	20.197892000
6	401		20.258641000
6	0		20.569248000
6	0		20.569269000
6	401		20.630888000
6	0		20.756329000
6	0		20.756348000
6	0		20.845569000
6	0		20.943987000
6	0		20.944004000
6	0		20.944010000
6	0		20.945585000
6	0		20.945666000
6	0		21.317369000
6	0		21.317386000
6	64		21.317390000
6	92		21.317397000
6	0		21.317402000
6	0		21.319036000
6	0		21.319044000
6	608		21.319124000
6	31		21.319225000
6	0		21.504693000
6	0		21.691977000
6	0		22.065575000
6	0		22.065601000
6	0		22.252719000
6	0		22.252745000
6	0		22.252751000
6	64		22.440028000
6	517		22.440048000
6	517		22.440055000
17		41	22.440061000
17		41	22.440067000
6	0		22.441645000
6	0		22.441702000
6	1418		22.441841000
6	2921		22.441855000
6	608		22.441978000
6	4338		22.442379000
6	0		22.626800000
6	0		22.626820000
6	0		22.626824000
6	0		23.000392000
6	0		23.187848000
6	0		23.187869000
6	0		23.561405000
6	0		23.561423000
6	0		23.561427000
6	0		23.748671000
6	0		23.748690000
6	0		23.936010000
6	0		24.309540000
6	0		24.309560000
6	0		24.496853000
6	0		24.870495000
6	0		24.870512000
6	0		25.057788000
6	0		25.431294000
6	0		25.618687000
6	0		25.618712000
6	0		25.806024000
6	1418		25.807370000
6	1418		25.835985000
6	0		25.992473000
6	1418		25.993816000
6	1418		26.022446000
6	0		26.179927000
6	1418		26.181232000
6	1418		26.209860000
6	0		26.553581000
6	0		26.553602000
6	1418		26.554959000
6	1418		26.583581000
6	0		26.741078000
6	0		26.741098000
6	0		26.741102000
6	1418		26.742453000
6	0		26.927926000
6	1418		26.929264000
6	0		27.114716000
6	1418		27.116036000
6	0		27.301558000
6	1418		27.302943000
6	0		27.488397000
6	1418		27.489702000
17		33	27.718869000
6	0		27.862230000
6	1418		27.863607000
6	0		28.049674000
17		43	28.049692000
6	1418		28.050998000
6	0		28.236427000
6	1418		28.237807000
6	0		28.610486000
6	0		28.610504000
6	1418		28.611859000
6	1418		28.640478000
6	0		28.797933000
6	0		28.797968000
6	1418		28.799233000
6	24		28.860844000
6	0		28.860880000
6	24		29.050697000
6	0		29.050760000
6	0		29.171142000
6	0		29.171159000
6	0		29.171164000
6	372		29.171170000
6	468		29.174052000
6	1418		29.198627000
6	1418		29.347565000
6	0		29.358868000
6	0		29.358889000
6	31		29.358895000
6	0		29.358900000
6	1418		29.496516000
6	0		29.545824000
6	1418		29.645473000
6	0		29.732871000
6	0		29.732894000
6	0		29.732899000
6	1418		29.794443000
6	0		29.794473000
6	24		29.808447000
6	0		29.808481000
6	64		29.919863000
6	92		29.919885000
6	0		29.919889000
6	608		29.921516000
6	31		29.921601000
6	1418		29.943419000
6	1418		30.092390000
6	0		30.106726000
6	1418		30.241268000
6	0		30.293164000
6	0		30.293184000
6	1418		30.390207000
6	64		30.480594000
6	0		30.480614000
6	1418		30.481930000
6	608		30.483286000
6	1418		30.510556000
6	1418		30.539162000
6	1418		30.567810000
6	1418		30.625050000
6	0		30.667398000
6	1418		30.682438000
6	1418		30.688121000
6	1418		30.739566000
6	1418		30.796811000
6	1418		30.837069000
6	1418		30.854046000
6	0		30.854495000
6	0		30.860457000
6	1418		30.911349000
6	1418		30.968603000
6	1418		30.986033000
6	1418		31.025820000
6	0		31.051570000
6	1418		31.083072000
6	1418		31.134987000
6	1418		31.140289000
6	1418		31.197557000
6	0		31.228897000
6	0		31.228916000
6	1418		31.254799000
6	1418		31.283906000
6	1418		31.312043000
6	1418		31.369295000
6	0		31.415674000
6	1418		31.426585000
6	1418		31.432868000
6	1418		31.483793000
6	1418		31.541120000
6	1410		31.581810000
6	1418		31.598343000
6	0		31.602716000
6	1418		31.655543000
6	1418		31.712847000
6	1418		31.770032000
6	0		31.789426000
6	0		31.808518000
6	1418		31.827354000
6	1418		31.884532000
6	1418		31.941784000
6	1418		31.999075000
6	1418		32.056277000
6	1418		32.113525000
6	0		32.163985000
6	0		32.164004000
6	1418		32.170816000
6	1418		32.228020000
6	1418		32.285290000
6	1418		32.342589000
6	0		32.350962000
6	1418		32.399795000
6	1418		32.457096000
6	1418		32.514419000
6	0		32.537838000
6	1418		32.571524000
6	1418		32.628817000
6	1418		32.686024000
6	0		32.724602000
17		45	32.724626000
6	1418		32.743258000
6	1418		32.800517000
6	1418		32.857760000
6	1418		32.915014000
6	1418		32.972261000
6	1418		33.029526000
6	1418		33.086774000
6	0		33.098047000
6	1418		33.144009000
6	1418		33.201278000
6	1418		33.258522000
6	0		33.285963000
6	0		33.285981000
6	1418		33.315756000
6	1418		33.373013000
6	1418		33.430267000
6	0		33.472720000
6	1418		33.487510000
6	1418		33.544760000
6	0		33.846505000
6	0		33.846523000
6	0		33.846530000
6	1418		33.847811000
6	0		34.033244000
6	0		34.033261000
6	0		34.033266000
6	0		34.033272000
6	1418		34.034598000
6	0		34.086899000
6	0		34.100940000
6	0		34.220058000
6	0		34.273154000
6	0		34.287319000
6	0		34.407728000
6	0		34.407747000
6	0		34.595001000
6	0		34.968832000
6	0		34.968856000
6	0		34.968865000
6	0		34.968869000
6	533		34.968875000
6	31		34.968880000
6	0		34.970198000
6	648		34.971505000
6	1418		34.971514000
6	2836		34.971532000
6	1418		35.152372000
6	0		35.155801000
6	0		35.223416000
6	0		35.223445000
6	1418		35.333195000
6	0		35.342975000
6	1418		35.514007000
6	0		35.529323000
6	1418		35.694822000
6	1418		35.875638000
6	0		35.903333000
6	1418		36.056468000
6	0		36.091089000
6	0		36.091112000
6	1418		36.237296000
6	0		36.277975000
6	1418		36.418113000
6	0		36.465170000
6	36		36.598976000
6	0		36.651332000
6	0		37.212977000
6	0		37.213016000
6	0		37.399401000
6	0		37.773966000
6	0		38.147422000
6	0		38.708942000
6	0		38.708963000
6	0		39.082904000
6	39		39.457023000
6	0		39.457068000
6	0		39.458358000
6	0		39.831137000
6	0		40.018060000
6	0		40.205135000
6	0		40.205157000
6	0		40.392011000
6	0		40.765438000
6	0		40.952036000
6	0		41.139571000
6	39		41.139589000
6	0		41.141371000
17		1358	41.326819000
17		1358	41.326848000
17		1358	41.329639000
17		1358	41.329658000
17		1358	41.329678000
17		1358	41.329683000
17		1358	41.329685000
17		278	41.329688000
6	191		41.514091000
6	0		41.514123000
6	0		41.515714000
6	248		41.516224000
6	1418		41.541420000
17		1358	41.629414000
6	1418		41.690410000
6	1418		41.839322000
6	0		41.887291000
17		1358	41.887314000
17		1358	41.888741000
6	1418		41.988290000
6	0		42.074661000
6	1418		42.137224000
6	1418		42.286167000
6	1418		42.435136000
6	0		42.448503000
17		1358	42.489039000
6	1418		42.584072000
6	1418		42.733047000
6	0		42.822460000
6	1418		42.882006000
6	1418		43.030932000
6	1418		43.179897000
17		1358	43.196265000
6	0		43.196296000
17		1358	43.197653000
6	1418		43.328827000
6	1418		43.477781000
6	1418		43.626724000
6	0		43.757320000
6	1418		43.775650000
6	1019		43.924633000
6	0		43.944952000
6	0		44.318506000
17		1358	44.398457000
6	0		44.506271000
6	0		44.879346000
17		1358	45.067044000
6	39		45.067074000
6	0		45.068513000
6	0		45.253980000
6	0		45.627485000
6	1418		45.628807000
6	0		46.001525000
6	1418		46.002895000
6	1418		46.031529000
6	0		46.562399000
6	1418		46.563734000
6	1418		46.592361000
6	1418		46.649607000
6	1418		46.706925000
6	0		46.749275000
6	1418		46.764166000
6	1418		46.821370000
6	1418		46.878615000
6	1418		46.935852000
6	0		47.310409000
6	1418		47.311777000
6	1418		47.340481000
6	1418		47.397633000
6	1418		47.454981000
6	0		47.497323000
6	1418		47.512145000
6	1418		47.569383000
6	1418		47.626636000
6	1418		47.683888000
6	0		48.058567000
6	0		48.058586000
6	0		48.058590000
6	1418		48.059976000
6	1418		48.088537000
6	0		48.245965000
6	0		48.245985000
6	0		48.247329000
6	0		48.432760000
6	0		48.620051000
6	0		48.993614000
6	0		48.993632000
6	0		49.180904000
6	0		49.555078000
6	0		49.742108000
6	0		49.928000000
6	0		50.115296000
6	39		50.115316000
6	0		50.122273000
1,17		1358	50.302718000
1,17		1358	50.302740000
1,17		1358	50.490017000
1,17		1358	50.490036000
1,17		1358	50.863574000
1,17		278	50.863593000
6	0		51.050957000
1,17		1358	51.424384000
6	0		51.611844000
6	0		51.985402000
6	0		52.360024000
1,17		1358	52.733415000
6	0		52.920850000
6	0		53.294380000
1,17		1358	53.668985000
6	0		53.856115000
6	0		54.043058000
6	0		54.230051000
6	0		54.416992000
6	0		54.790626000
6	39		54.790646000
6	194		54.790650000
1,17		1358	54.790659000
6	0		54.792124000
6	252		54.793118000
6	1418		54.818618000
6	1418		54.967545000
6	1418		55.116512000
6	0		55.164851000
6	0		55.164872000
6	1418		55.166233000
6	1418		55.198052000
6	1418		55.252104000
6	1418		55.266924000
6	1418		55.309329000
6	0		55.351720000
6	1418		55.366605000
6	1418		55.414416000
6	1418		55.423838000
6	1418		55.481096000
6	1418		55.538316000
6	1418		55.563357000
6	1418		55.595564000
6	1418		55.652850000
6	1418		55.710090000
6	1418		55.712313000
6	0		55.725710000
6	0		55.725735000
6	1418		55.767358000
6	1418		55.824587000
6	1418		55.861269000
6	1418		55.881824000
6	1418		55.939052000
6	1418		55.996355000
6	1418		56.010202000
6	1418		56.053587000
6	0		56.099932000
6	0		56.099950000
6	1418		56.110818000
6	1418		56.159156000
6	1418		56.168124000
6	1418		56.225316000
6	1418		56.282613000
6	0		56.286919000
6	1418		56.308089000
6	1418		56.339805000
6	1418		56.397072000
6	1418		56.454325000
6	1418		56.457072000
6	0		56.473396000
6	1418		56.511619000
6	1418		56.568816000
6	1418		56.606004000
6	1418		56.626064000
6	0		56.660435000
6	1418		56.683407000
6	1418		56.740632000
6	1418		56.754976000
6	1418		56.797794000
6	1418		56.855058000
6	1418		56.903956000
6	1418		56.912372000
6	1418		56.969575000
6	1418		57.026820000
6	0		57.034104000
6	0		57.034122000
6	0		57.035569000
6	1418		57.052843000
6	1418		57.084069000
6	1418		57.141300000
6	1418		57.198545000
6	1418		57.201781000
6	0		57.221157000
6	0		57.221176000
6	1418		57.255790000
6	1418		57.313071000
6	1418		57.350736000
6	1418		57.370339000
6	0		57.408787000
6	0		57.408809000
6	1418		57.427540000
6	1418		57.484805000
6	1418		57.499721000
6	1418		57.542045000
6	0		57.595379000
6	1418		57.599285000
6	134		57.648636000
6	1418		57.656547000
6	1418		57.713784000
6	1418		57.771072000
6	0		57.782450000
6	0		57.782468000
6	0		57.782475000
6	0		57.782480000
6	0		57.783562000
6	0		57.783798000
6	0		57.783849000
6	1418		57.828300000
6	1418		57.885549000
6	1418		57.942841000
6	1418		58.000046000
6	1418		58.057293000
6	1418		58.114537000
6	0		58.156904000
6	0		58.156923000
6	0		58.156927000
6	0		58.156933000
6	0		58.158330000
6	0		58.158740000
6	1418		58.171799000
6	1418		58.229045000
6	1418		58.286304000
6	1418		58.343567000
6	0		58.343689000
6	1418		58.400796000
6	1418		58.458055000
6	1418		58.515307000
6	0		58.530696000
6	1418		58.572588000
6	1418		58.629759000
6	1418		58.687028000
6	1418		58.744298000
6	1418		58.801542000
6	1418		58.858782000
6	1418		58.916038000
6	1418		58.973272000
6	1418		59.030517000
6	1418		59.087901000
6	0		59.091258000
6	1418		59.145097000
6	1418		59.202328000
6	1418		59.259536000
6	0		59.278936000
6	1418		59.316764000
6	1418		59.374014000
6	1418		59.431255000
6	0		59.464681000
6	0		59.464717000
6	1418		59.488538000
6	1418		59.545766000
6	0		59.557524000
6	1418		59.603041000
6	0		59.650495000
6	1418		59.660261000
6	1418		59.717516000
6	0		59.743969000
6	1418		59.774756000
6	1418		59.832026000
6	0		59.836989000
6	0		59.929575000
6	0		59.929602000
6	1418		59.930901000
6	0		60.022497000
6	1418		60.023859000
6	0		60.208455000
6	0		60.208474000
6	1418		60.209807000
6	0		60.394457000
6	0		60.394476000
6	1418		60.395838000
6	1418		60.424609000
6	0		60.488013000
6	1418		60.489367000
6	0		60.580723000
6	0		60.673920000
6	1418		60.675280000
6	0		60.766644000
6	1418		60.767998000
6	0		60.859344000
6	0		60.952564000
6	1418		60.953909000
6	0		61.138454000
6	0		61.138485000
6	1418		61.139900000
6	1418		61.168401000
6	0		61.231736000
6	0		61.324926000
6	1418		61.326248000
6	0		61.417609000
6	1418		61.418925000
6	0		61.510290000
6	0		61.603456000
6	1418		61.604804000
6	0		61.789366000
6	0		61.789383000
6	1418		61.790710000
6	1418		61.819437000
6	0		61.882889000
6	0		61.976049000
6	1418		61.977371000
6	0		62.068729000
6	1418		62.070296000
6	0		62.161649000
6	1418		62.163001000
6	0		62.254352000
6	0		62.347572000
6	1418		62.348913000
6	0		62.440312000
6	1418		62.441633000
6	0		62.533990000
6	0		62.719545000
6	0		62.719567000
6	0		62.719571000
6	1418		62.721004000
6	0		62.721188000
6	1418		62.749538000
6	0		62.812950000
6	1418		62.814304000
6	0		62.905650000
6	0		62.998819000
6	1418		63.000156000
6	0		63.091503000
6	1418		63.092874000
6	0		63.277523000
6	0		63.277552000
6	1418		63.278876000
6	0		63.463475000
6	0		63.463492000
6	1418		63.464800000
6	1418		63.493407000
6	0		63.556770000
6	0		63.649988000
6	1418		63.651365000
6	0		63.835988000
6	1418		63.837320000
6	0		63.928696000
6	0		63.928717000
6	1418		63.930049000
6	0		64.114662000
6	1418		64.115979000
6	1418		64.144743000
6	0		64.300467000
6	0		64.300491000
6	1418		64.301811000
6	1418		64.330457000
6	0		64.487040000
6	0		64.579962000
6	0		64.672551000
6	0		64.765257000
6	39		64.858946000
6	192		64.858968000
6	0		64.860313000
6	251		64.861285000
6	1418		64.886997000
6	0		64.951383000
6	1418		65.036040000
6	0		65.138126000
6	1418		65.184915000
6	0		65.230298000
6	1418		65.333869000
6	1418		65.482822000
6	0		65.509179000
6	0		65.602344000
6	1418		65.631758000
6	1418		65.780763000
6	0		65.881294000
6	0		65.881313000
6	1418		65.929662000
6	1418		66.078614000
6	0		66.160218000
6	1418		66.227562000
6	0		66.253959000
6	1418		66.376520000
6	0		66.439896000
6	1418		66.525464000
6	0		66.625920000
6	1418		66.674405000
6	0		66.811939000
6	1418		66.823404000
6	1418		66.972306000
6	0		66.997643000
6	1418		67.121261000
6	0		67.183632000
6	1386		67.270211000
6	0		67.369725000
6	0		67.556047000
6	0		67.741385000
6	0		67.927180000
6	0		68.020354000
6	0		68.020376000
6	0		68.022435000
6	0		68.022534000
6	0		68.113854000
6	0		68.207017000
6	0		68.207041000
6	0		68.208471000
6	0		68.208865000
6	0		68.326011000
6	0		68.326544000
6	0		68.392253000
6	0		68.486015000
6	0		68.511328000
6	0		68.512907000
6	0		68.671410000
6	0		68.857747000
6	0		68.951329000
6	0		68.951348000
6	0		68.952892000
6	0		68.953070000
6	0		69.043437000
6	0		69.229768000
6	0		69.229786000
6	0		69.229791000
6	0		69.231397000
6	0		69.231416000
6	0		69.415987000
6	0		69.601339000
6	0		69.601356000
6	1418		69.602762000
6	0		69.787326000
6	0		69.787343000
6	1418		69.788645000
6	1418		69.817280000
6	1418		69.874531000
6	0		69.880911000
6	1418		69.931786000
6	1418		69.989038000
6	1418		70.046273000
6	0		70.066218000
6	1418		70.103625000
6	0		70.159982000
6	1418		70.160743000
6	1418		70.218023000
6	0		70.253144000
6	1418		70.275265000
6	1418		70.332586000
6	0		70.346008000
6	1418		70.389750000
6	1418		70.447094000
6	1418		70.504326000
6	0		70.531660000
6	1418		70.561504000
6	1418		70.618756000
6	1418		70.676031000
6	0		70.717376000
6	1418		70.733312000
6	1418		70.790499000
6	1418		70.847827000
6	1418		70.905007000
6	1418		70.962244000
6	0		70.966306000
6	0		70.997055000
6	0		70.997080000
6	0		70.997086000
6	0		70.998468000
6	0		70.998725000
6	1418		71.019497000
6	1418		71.076751000
6	1418		71.133998000
6	0		71.182390000
6	0		71.182412000
6	0		71.182415000
6	0		71.183416000
6	1418		71.191287000
6	1418		71.248520000
6	0		71.276021000
6	0		71.277818000
6	1418		71.305772000
6	1418		71.362997000
6	0		71.368425000
6	1418		71.420234000
6	1418		71.477487000
6	1418		71.534807000
6	1418		71.592036000
6	0		71.647355000
6	1418		71.649224000
6	1418		71.706518000
6	0		71.740874000
6	0		71.740893000
6	1418		71.763746000
6	1418		71.820973000
6	0		71.833339000
6	1418		71.878256000
6	0		71.926649000
6	0		72.019876000
6	0		72.113066000
6	0		72.298470000
6	0		72.298487000
6	0		72.391633000
6	0		72.484810000
6	0		72.578069000
6	0		72.763396000
6	0		72.763414000
6	0		72.856586000
6	0		72.949828000
6	0		73.043011000
6	0		73.054455000
6	0		73.135908000
6	0		73.184923000
6	0		73.228049000
6	0		73.228067000
6	0		73.228073000
6	0		73.228078000
6	0		73.228082000
6	0		73.228085000
6	0		73.228089000
6	0		73.228092000
6	0		73.228098000
6	517		73.228102000
6	0		73.229490000
6	1418		73.230784000
6	2919		73.230817000
6	517		73.322535000
6	517		73.322571000
6	517		73.322578000
6	39		73.322583000
6	0		73.323821000
6	0		73.324064000
6	2836		73.324300000
6	0		73.324313000
6	1502		73.324316000
6	2836		73.324761000
6	1418		73.324832000
6	425		73.324844000
6	1418		73.325193000
6	3261		73.325312000
6	0		73.329480000
6	192		73.414949000
6	0		73.414974000
6	1418		73.416288000
6	0		73.416607000
6	246		73.417425000
6	1418		73.432484000
6	1418		73.442464000
6	1418		73.464939000
6	1418		73.497372000
6	1418		73.529806000
6	1418		73.562234000
6	1418		73.591393000
6	1418		73.594684000
6	0		73.601037000
6	1418		73.627105000
6	1418		73.659533000
6	1418		73.692025000
6	1418		73.724461000
6	1418		73.740332000
6	1418		73.756834000
6	1418		73.789269000
6	1418		73.821709000
6	1418		73.854161000
6	0		73.879317000
6	1418		73.886593000
6	1418		73.889263000
6	1418		73.919007000
6	1418		73.951450000
6	0		73.972847000
6	1418		73.983903000
6	1418		74.016319000
6	1418		74.038219000
6	1418		74.048814000
6	1418		74.081181000
6	1418		74.113615000
6	1418		74.146055000
6	0		74.158376000
6	1418		74.178556000
6	1418		74.187165000
6	1418		74.210991000
6	1418		74.243424000
6	1418		74.275821000
6	1418		74.308347000
6	1418		74.336143000
6	1418		74.340648000
6	0		74.344936000
6	1418		74.373110000
6	1418		74.405531000
6	1418		74.437979000
6	1418		74.470389000
6	1418		74.485072000
6	1418		74.502885000
6	0		74.530277000
6	1418		74.535260000
6	1418		74.567766000
6	1418		74.600198000
6	1418		74.632571000
6	1418		74.634008000
6	1418		74.665086000
6	1418		74.697438000
6	0		74.716804000
6	1418		74.729878000
6	1418		74.762311000
6	1418		74.782970000
6	1418		74.794746000
6	1418		74.827172000
6	1418		74.859603000
6	1418		74.892051000
6	0		74.902440000
6	1418		74.924563000
6	1418		74.931960000
6	1418		74.957048000
6	1418		74.989338000
6	0		74.996075000
6	0		74.997606000
6	1418		75.021774000
6	1418		75.054274000
6	1418		75.080884000
6	1418		75.086666000
6	1418		75.119144000
6	1418		75.151577000
6	0		75.181172000
6	1418		75.183951000
6	1418		75.216391000
6	1418		75.229820000
6	1418		75.248887000
6	0		75.274339000
6	1418		75.281251000
6	1418		75.313693000
6	1418		75.346117000
6	0		75.367548000
6	0		75.367566000
6	1418		75.378619000
6	1418		75.378752000
6	1418		75.411013000
6	1418		75.443461000
6	0		75.460908000
6	1418		75.475871000
6	1418		75.508346000
6	1418		75.527773000
6	1418		75.540801000
6	1418		75.573173000
6	1418		75.605586000
6	1418		75.638031000
6	0		75.646410000
6	0		75.646432000
6	1418		75.670479000
6	856		75.676678000
6	1418		75.702972000
6	1418		75.735466000
6	1418		75.767835000
6	1418		75.800362000
6	1418		75.832635000
6	0		75.832743000
6	0		75.832757000
6	1418		75.865114000
6	1418		75.897526000
6	1418		75.929954000
6	1418		75.962436000
6	1418		75.994922000
6	0		76.018320000
6	1418		76.027242000
6	1418		76.059677000
6	1418		76.092114000
6	1418		76.124551000
6	1418		76.157001000
6	1418		76.189456000
6	0		76.204930000
6	1418		76.221846000
6	1418		76.254336000
6	1418		76.287033000
6	1418		76.319164000
6	1418		76.351602000
6	1418		76.384032000
6	0		76.390360000
6	1418		76.416468000
6	1418		76.448886000
6	1418		76.481340000
6	1418		76.513755000
6	1418		76.546201000
6	0		76.576650000
6	1418		76.578679000
6	1418		76.611070000
6	1418		76.643620000
6	1418		76.675954000
6	1418		76.708374000
6	1418		76.740809000
6	1418		76.773238000
6	1418		76.805660000
6	1418		76.838105000
6	0		76.855828000
6	0		76.855922000
6	0		76.855966000
6	1418		76.870564000
6	1418		76.902975000
6	1418		76.935409000
6	0		76.948716000
6	1418		76.967878000
6	1418		77.000332000
6	1418		77.032719000
6	0		77.040991000
6	1418		77.065178000
6	0		77.134839000
6	0		77.134860000
6	0		77.134866000
6	64		77.227755000
6	92		77.227775000
6	0		77.227780000
6	608		77.229567000
6	31		77.229593000
6	0		77.320947000
6	0		77.506303000
6	0		77.506322000
6	64		77.506328000
6	0		77.506332000
6	608		77.507822000
6	0		77.693223000
6	0		77.693246000
6	0		77.693251000
6	64		77.785582000
6	92		77.785603000
6	0		77.785608000
6	608		77.787873000
6	31		77.787898000
6	0		77.972006000
6	0		77.972029000
6	0		77.972033000
6	64		77.972036000
6	608		77.974382000
6	0		78.250057000
6	0		78.343291000
6	0		78.343310000
6	1418		78.344623000
6	1418		78.360905000
6	0		78.436375000
6	0		78.622634000
6	0		78.715881000
6	0		78.994229000
6	0		79.087545000
6	0		79.273911000
6	0		79.459226000
6	0		79.552512000
6	0		79.738883000
6	0		79.924140000
6	0		80.017510000
6	0		80.203918000
6	0		80.389971000
6	0		80.482449000
6	0		80.668805000
6	0		80.947324000
6	0		80.947346000
6	0		81.133630000
6	0		81.133665000
6	0		81.135415000
6	0		81.412957000
6	0		81.505294000
6	0		81.505317000
6	0		81.691737000
6	0		82.063279000
6	0		82.156585000
6	0		82.249944000
6	0		82.342942000
6	0		82.621538000
6	0		82.807902000
6	0		82.993164000
6	0		83.086474000
6	0		83.179649000
6	0		83.459010000
6	0		83.551483000
6	0		83.737829000
6	0		83.831035000
6	0		84.016464000
6	0		84.202813000
6	0		84.481383000
6	0		84.667810000
6	0		84.946936000
6	0		84.946957000
6	0		85.132791000
6	0		85.411392000
6	0		85.411423000
6	0		85.597801000
6	0		85.876217000
6	0		85.969183000
6	39		86.063011000
6	0		86.063031000
6	0		86.063036000
6	0		86.063042000
6	0		86.063047000
6	0		86.063052000
6	0		86.063056000
6	0		86.063061000
6	0		86.064123000
6	0		86.064477000
6	0		86.064564000
6	24		86.064569000
6	0		86.064572000
6	0		86.064753000
6	0		86.064863000
6	0		86.064887000
6	0		86.065066000
6	0		86.069437000
6	0		86.156480000
6	0		86.156504000
6	1418		86.157839000
6	1418		86.174040000
6	1418		86.206520000
6	1418		86.238907000
6	1418		86.271337000
6	0		86.341748000
6	1418		86.343085000
6	1418		86.359302000
6	0		86.528039000
6	1418		86.529529000
6	1418		86.545738000
6	31		86.581330000
6	0		86.713935000
6	1418		86.715237000
6	1418		86.731505000
6	0		86.992153000
6	1418		86.993506000
6	1418		87.009680000
6	0		87.085033000
6	0		87.085989000
6	0		87.178975000
6	0		87.178997000
6	1418		87.180330000
6	0		87.180355000
6	1418		87.196545000
6	608		87.264954000
6	0		87.271324000
6	1418		87.272626000
6	1418		87.288868000
6	0		87.457427000
6	1418		87.458765000
6	1418		87.474969000
6	233		87.551059000
6	559		87.554039000
6	525		87.554068000
6	39		87.554114000
6	0		87.643418000
6	1418		87.644717000
6	1418		87.660925000
6	31		87.726823000
6	1418		87.737045000
6	0		87.744467000
6	64		87.829943000
6	0		87.829974000
6	0		87.831142000
6	1418		87.831311000
6	1418		87.847596000
6	0		88.108158000
6	1418		88.109500000
6	1418		88.125710000
6	0		88.174355000
6	0		88.201803000
6	1418		88.203129000
6	1418		88.219338000
6	608		88.287494000
6	0		88.480187000
6	1418		88.481504000
6	1418		88.497697000
6	64		88.573005000
6	0		88.574814000
6	0		88.666192000
6	1418		88.667532000
6	1418		88.683742000
6	0		88.852228000
6	1418		88.853522000
6	1418		88.869737000
6	0		89.038190000
6	1418		89.039520000
6	1418		89.055740000
6	0		89.131100000
6	0		89.132888000
6	0		89.224256000
6	1418		89.225583000
6	1418		89.241805000
6	0		89.293711000
6	0		89.410234000
6	1418		89.411611000
6	1418		89.427824000
6	0		89.596236000
6	1418		89.597552000
6	1418		89.613760000
6	0		89.782176000
6	1418		89.783536000
6	1418		89.799738000
6	0		89.968535000
6	0		89.968561000
6	31		89.968568000
6	1418		89.969965000
6	0		89.974967000
6	1418		89.986169000
6	1418		90.062028000
6	671		90.062051000
6	31		90.062058000
6	0		90.062063000
6	0		90.062068000
6	0		90.063074000
6	0		90.064127000
6	0		90.064137000
6	0		90.064139000
6	0		90.155013000
6	891		90.232425000
6	1418		90.246403000
6	1418		90.246438000
6	0		90.246985000
6	0		90.247002000
6	0		90.247006000
6	0		90.247012000
6	0		90.247016000
6	0		90.247020000
6	0		90.247024000
6	0		90.247028000
6	0		90.247032000
6	1418		90.248340000
6	1418		90.264531000
6	1418		90.364850000
6	186		90.483181000
6	39		90.498719000
6	0		90.526130000
6	1418		90.527484000
6	1418		90.543648000
6	1418		90.576093000
6	1418		90.608529000
6	0		90.619900000
6	1418		90.640949000
6	1418		90.673390000
6	1418		90.705841000
6	1418		90.738284000
6	1418		90.770755000
6	1418		90.803157000
6	0		90.805483000
6	0		90.805502000
6	1107		90.835582000
6	0		90.898962000
6	0		91.084372000
6	0		91.084391000
6	0		91.084396000
6	0		91.177561000
6	0		91.271127000
6	0		91.363273000
6	0		91.456466000
6	0		91.549769000
6	0		91.643034000
6	0		91.643079000
6	0		91.828380000
6	0		91.828398000
6	0		91.921546000
6	0		92.014726000
6	0		92.107986000
6	0		92.108004000
6	0		92.108008000
6	39		92.200201000
6	0		92.201643000
6	0		92.293689000
6	0		92.293707000
6	0		92.293712000
6	0		92.386902000
6	0		92.572166000
6	0		92.665299000
6	0		92.665317000
6	0		92.665322000
6	0		92.666944000
6	0		92.758327000
6	0		92.851836000
6	0		92.945036000
6	0		92.945055000
6	0		93.130466000
6	0		93.130484000
6	0		93.223673000
6	0		93.316968000
6	0		93.409442000
6	0		93.502653000
6	0		93.595887000
6	0		93.781188000
6	0		93.875386000
6	0		93.875411000
6	0		93.967680000
6	0		94.154005000
6	0		94.339345000
6	0		94.525828000
6	0		94.619010000
6	0		94.804442000
6	0		94.804465000
6	0		94.990052000
6	0		95.176865000
6	0		95.176887000
6	0		95.176891000
6	39		95.176902000
6	0		95.178697000
6	0		95.362496000
6	0		95.548275000
6	0		95.641645000
6	0		95.828014000
6	0		96.013663000
6	0		96.199835000
6	39		96.199841000
6	0		96.199850000
6	0		96.201112000
6	0		96.201664000
6	0		97.129230000
6	0		97.222855000
6	0		97.222884000
6	0		97.222897000
6	0		97.222905000
6	0		97.224016000
6	0		97.224040000
6	0		97.224388000
6	0		97.224415000
17		1358	97.408623000
17		85	97.408647000
17		1358	97.411641000
17		630	97.411661000
17		34	97.436245000
17		599	97.501102000
17		115	97.501122000
17		36	97.502966000
17		1354	97.503463000
17		1358	97.503469000
17		1358	97.503471000
17		1358	97.503474000
17		1358	97.503477000
17		1358	97.503537000
17		1358	97.513567000
17		1354	97.524313000
6	0		97.525444000
6	0		97.528867000
6	0		97.530158000
6	0		97.530295000
17		1358	97.534423000
17		1358	97.543773000
17		1358	97.553777000
17		1358	97.563729000
17		1358	97.574356000
17		133	97.574375000
17		1358	97.583675000
17		1358	97.594413000
17		1358	97.603647000
17		1358	97.613675000
17		1358	97.624550000
17		1358	97.634041000
17		1358	97.643938000
17		1358	97.654157000
17		1358	97.664403000
17		1358	97.674486000
17		1358	97.684597000
17		1358	97.693851000
17		1358	97.704511000
17		1358	97.713955000
17		1358	97.723906000
17		1358	97.733874000
17		686	97.744253000
6	0		98.152047000
6	0		98.152065000
6	0		98.153463000
6	0		98.153489000
6	0		98.245383000
6	0		98.245387000
6	0		98.246795000
6	0		98.246842000
6	0		98.803039000
6	0		98.803046000
6	0		98.803050000
6	0		98.803054000
6	517		98.803058000
6	0		98.804476000
6	2836		98.805531000
6	1697		98.805571000
6	517		98.896653000
6	517		98.896675000
6	0		98.898064000
6	0		98.898093000
6	2836		98.898745000
6	1851		98.898757000
6	1418		98.898848000
6	1418		98.898892000
6	1696		98.898907000
6	517		98.989697000
6	0		98.990996000
6	2836		98.991991000
6	1852		98.992047000
17		86	99.268162000
17		41	99.268166000
17		85	99.269686000
17		1354	99.360993000
17		37	99.362814000
17		1358	99.454093000
17		33	99.455792000
17		873	99.547206000
17		33	99.548693000
17		178	99.552725000
17		245	99.559756000
17		42	99.641088000
17		43	99.641094000
17		34	99.668276000
17		41	99.826522000
17		41	99.919682000
17		41	100.012586000
17		41	100.105771000
17		41	100.198877000
6	0		100.198908000
6	0		100.198917000
6	0		100.198923000
6	0		100.198931000
17		43	100.198936000
17		34	100.225830000
17		41	100.477214000
17		41	100.570730000
17		41	100.663827000
17		41	100.756449000
17		41	100.942349000
17		41	101.035123000
17		41	101.128649000
17		41	101.221252000
17		41	101.407753000
17		41	101.501122000
17		41	101.593331000
17		41	101.686949000
17		41	101.780041000
17		41	101.872800000
17		41	101.965319000
6	279		102.016908000
6	278		102.073950000
6	433		102.114235000
17		41	102.151964000
6	434		102.157119000
17		41	102.244357000
17		41	102.337980000
6	517		102.338010000
6	517		102.338019000
6	0		102.339477000
6	0		102.339677000
17		41	102.430573000
17		1358	102.523607000
17		35	102.525101000
17		41	102.617317000
6	517		102.617349000
6	517		102.617358000
17		41	102.617363000
6	0		102.618604000
6	0		102.618736000
17		868	102.895273000
17		39	102.896986000
17		108	102.902046000
17		121	102.906413000
6	0		104.012005000
6	0		104.012012000
6	0		104.197397000
6	0		104.197403000
6	0		104.197408000
6	0		104.199045000
6	0		105.128070000
6	0		105.313398000
6	0		105.313425000
6	0		105.313429000
6	64		105.406542000
6	92		105.406564000
6	499		105.406568000
6	0		105.408094000
6	0		105.408118000
6	0		105.408122000
6	608		105.408173000
6	31		105.408566000
6	572		105.409110000
6	60		105.409151000
6	39		105.409224000
6	0		105.592787000
6	0		105.686010000
6	0		105.871421000
6	0		105.871439000
6	74		105.871443000
6	0		105.871449000
6	0		105.872727000
6	934		105.873125000
6	0		105.964471000
6	0		106.057651000
6	0		106.150219000
6	64		106.243390000
6	0		106.244871000
6	608		106.244931000
6	0		106.522551000
6	0		106.615715000
6	0		106.708370000
6	0		106.708390000
6	74		106.801005000
6	0		106.802689000
6	934		106.803038000
17		42	107.173405000
17		43	107.266037000
17		41	107.266055000
17		35	107.292960000
6	0		107.824930000
6	0		107.918007000
6	0		107.918030000
6	0		108.103067000
6	0		108.196411000
6	0		108.196431000
17		43	108.196438000
6	0		108.196454000
6	31		108.196458000
17		41	108.196462000
6	0		108.196468000
6	0		108.198043000
6	0		108.198330000
6	0		108.202940000
17		34	108.223029000
6	0		108.289409000
6	39		108.289429000
6	0		108.289434000
6	0		108.289439000
6	0		108.290716000
6	0		108.499185000
6	0		108.501771000
6	0		108.661333000
6	0		109.033932000
6	0		109.033937000
6	517		109.033941000
6	517		109.033946000
6	0		109.035089000
6	0		109.035208000
6	2836		109.035853000
6	1501		109.035919000
6	2836		109.036376000
6	1502		109.036420000
6	0		109.312529000
6	0		109.312536000
6	0		110.335001000
6	0		110.336039000
6	83		110.730547000
6	84		110.741657000
6	0		110.799995000
6	0		110.800012000
6	0		110.801451000
6	0		110.893880000
6	0		110.893898000
6	0		110.893901000
6	64		110.987043000
6	92		110.987065000
6	501		110.987069000
6	0		110.988225000
6	608		110.988361000
6	31		110.988864000
6	624		110.991832000
6	1418		110.991850000
6	1117		110.991853000
6	39		111.016565000
6	0		111.079993000
6	0		111.265876000
6	0		111.265897000
6	0		111.265902000
6	64		111.265908000
6	608		111.267178000
6	501		113.125182000
6	0		113.126556000
6	64		113.591053000
6	0		113.592070000
6	1263		115.019065000
6	0		115.636912000
6	0		115.636935000
6	1418		115.638148000
6	1156		115.653781000
6	0		115.822022000
6	0		115.822026000
6	0		115.822032000
6	31		115.915176000
6	0		115.916373000
6	0		116.008141000
6	0		116.101163000
6	0		116.101185000
6	39		116.101192000
6	0		116.102357000
6	608		116.182201000
17		1358	116.194646000
6	0		116.194668000
17		1358	116.197445000
17		1358	116.197470000
17		1358	116.197474000
17		921	116.197477000
17		1358	116.380943000
17		1358	116.382719000
6	80		116.473092000
6	0		116.474306000
6	385		116.475038000
6	1418		116.482840000
6	1418		116.514143000
6	1418		116.545456000
6	1418		116.576765000
6	1418		116.608118000
6	1418		116.639372000
6	1418		116.670667000
17		1358	116.683437000
6	1418		116.701984000
6	1418		116.733297000
6	1418		116.764585000
6	1359		116.795966000
17		1358	116.938187000
17		1358	116.939985000
17		1358	117.540742000
17		1358	118.148074000
17		1358	118.149808000
6	0		118.984787000
6	0		119.077972000
6	0		119.263236000
6	0		119.263259000
17		1358	119.349968000
17		1358	119.356472000
17		49	119.418640000
17		49	119.480620000
17		171	119.542070000
6	0		119.542093000
17		631	119.544094000
17		34	119.568863000
17		84	119.586630000
17		167	119.604949000
6	0		119.604972000
17		33	119.606661000
6	0		119.667019000
6	0		119.790376000
6	0		119.790396000
6	0		119.852587000
6	0		119.914705000
6	0		119.976868000
17		169	120.100107000
17		35	120.102169000
6	0		120.162557000
6	0		120.162574000
6	0		120.224693000
6	0		120.286344000
17		171	120.348126000
6	39		120.348152000
17		150	120.348159000
17		37	120.349820000
17		36	120.350128000
17		567	120.350518000
6	0		120.354104000
17		173	120.410644000
17		175	120.410663000
17		41	120.412404000
17		177	121.092527000
17		43	121.094415000
17		41	121.216169000
17		41	121.278476000
17		43	121.278495000
17		34	121.305613000
17		1354	130.330669000
17		36	130.332607000
17		1358	130.392631000
17		34	130.419603000
17		1358	130.454781000
17		34	130.481426000
17		1358	130.516857000
17		34	130.543482000
17		1358	130.578999000
17		34	130.605825000
17		1358	130.640167000
17		346	130.640187000
17		34	130.641654000
17		131	130.653074000
17		287	130.653173000
17		41	132.314445000
6	194		132.376644000
6	39		132.376670000
6	0		132.378887000
6	0		132.378920000
6	39		132.378924000
6	249		132.382537000
6	1418		132.408693000
17		43	132.500168000
17		41	132.500190000
17		34	132.527104000
6	1418		132.557665000
6	1418		132.706617000
6	1418		132.855633000
6	1418		133.004511000
6	1418		133.153464000
6	1418		133.302415000
6	1418		133.451364000
6	1418		133.600329000
6	1418		133.749265000
6	1418		133.898221000
6	1418		134.047168000
6	0		134.050332000
6	0		134.112822000
6	1418		134.196118000
6	1418		134.345148000
6	1418		134.494017000
6	0		134.608674000
6	1418		134.642968000
6	1418		134.791918000
6	1418		134.940920000
6	0		135.042658000
6	1418		135.068515000
6	1418		135.196180000
6	1418		135.323816000
6	0		135.414410000
6	1418		135.438864000
6	1418		135.553991000
6	1418		135.669111000
6	1418		135.773953000
6	0		135.849091000
6	1418		135.878812000
6	0		135.972409000
6	1418		135.983606000
6	1418		136.088446000
6	0		136.096850000
6	1418		136.193295000
6	0		136.282879000
6	1418		136.298128000
6	0		136.344578000
6	1418		136.403079000
6	0		136.406486000
6	1418		136.502462000
6	0		136.530895000
6	0		136.530918000
6	1418		136.598736000
6	0		136.654126000
6	1418		136.690452000
6	0		136.716948000
6	0		136.716969000
6	1418		136.778051000
6	1418		136.837967000
6	0		136.840148000
6	1418		136.896691000
6	0		136.902160000
6	1418		136.951547000
6	0		136.965043000
6	1418		137.006408000
6	1418		137.060784000
6	1418		137.114604000
6	0		137.150369000
6	1418		137.164374000
6	1418		137.214162000
6	1418		137.263935000
6	0		137.274978000
6	1418		137.312398000
6	0		137.337011000
6	1418		137.360903000
6	1418		137.409421000
6	1418		137.457954000
6	1418		137.503452000
6	1418		137.548944000
6	1418		137.594458000
6	1418		137.639995000
6	0		137.646331000
6	1418		137.685478000
6	1418		137.730969000
6	1418		137.776490000
6	1418		137.819040000
6	0		137.832269000
6	1418		137.861563000
6	0		137.894640000
6	1418		137.904080000
6	1418		137.946700000
6	1418		137.989184000
6	0		138.018798000
6	1418		138.029953000
6	770		138.070731000
6	0		138.142239000
6	0		138.204692000
6	0		138.328541000
6	0		138.452829000
6	0		138.638222000
6	0		138.887046000
6	0		138.948169000
6	0		138.948192000
6	0		138.950059000
6	0		138.950178000
6	0		139.134196000
6	0		139.444406000
6	0		139.754459000
6	0		140.188090000
6	0		140.436842000
6	0		140.746988000
6	0		141.056253000
6	39		141.118567000
6	194		141.118589000
6	0		141.120065000
6	250		141.120822000
6	1418		141.124955000
6	1418		141.151781000
6	1418		141.178593000
6	1418		141.205385000
6	1418		141.232214000
6	1418		141.259015000
6	1418		141.285849000
6	1418		141.312637000
6	1418		141.339457000
6	1418		141.366234000
6	1418		141.393063000
6	1418		141.419965000
6	1418		141.446735000
6	1418		141.473461000
6	588		141.500276000
6	0		142.296984000
6	0		142.298829000
6	0		143.040989000
6	0		143.041009000
6	0		143.042480000
6	0		143.042841000
6	0		143.970677000
6	0		144.156066000
6	0		144.219047000
6	0		144.342936000
6	0		144.528525000
6	0		144.652887000
6	0		144.838268000
6	0		144.963057000
6	0		145.024967000
6	0		145.148778000
6	39		145.148799000
6	0		145.155498000
6	0		153.271037000
6	0		153.273390000
6	0		153.580817000
6	0		153.580838000
6	0		153.581895000
6	0		153.582599000
6	0		153.828089000
6	0		153.829902000
6	0		154.076938000
6	0		154.078196000
6	0		160.462966000
6	0		160.464010000
6	0		160.711001000
6	0		160.712325000
6	0		164.306468000
6	0		164.308523000
6	0		166.353014000
6	0		166.354323000
6	0		186.318954000
6	0		186.318974000
6	0		186.320851000
6	0		186.321278000
6	0		190.412154000
6	0		190.414224000
6	0		190.550498000
6	0		190.550506000
6	0		190.551713000
6	0		190.552310000
6	0		190.688064000
6	0		190.688093000
6	0		190.689496000
6	0		190.690270000
6	0		190.734665000
6	0		190.734670000
6	0		190.734685000
6	0		190.735939000
6	0		190.780870000
6	0		190.782564000
6	0		190.826296000
6	517		190.872908000
6	0		190.874259000
6	2836		190.874518000
6	1844		190.874527000
6	0		190.918170000
6	0		190.918191000
6	0		190.919899000
6	517		190.964906000
6	0		190.966660000
6	2836		190.968032000
6	1845		190.968061000
6	0		191.056269000
6	0		191.102391000
6	0		191.149086000
6	0		191.240371000
6	64		191.240391000
6	92		191.240396000
6	565		191.240402000
6	0		191.241513000
6	608		191.241918000
6	31		191.242206000
6	427		191.246162000
6	0		191.378294000
6	0		191.424432000
6	0		191.470057000
6	0		191.470066000
6	64		191.517051000
6	565		191.517097000
6	0		191.518313000
6	608		191.518648000
6	31		191.586997000
6	31		191.608426000
6	0		191.608445000
6	0		191.609674000
6	328		191.620484000
6	1418		191.620514000
6	2836		191.620517000
6	2836		191.628775000
6	2836		191.637154000
6	2836		191.645478000
6	2836		191.653839000
6	0		191.654925000
6	2836		191.662223000
6	2836		191.670695000
6	2836		191.678881000
6	2836		191.687223000
6	2836		191.695623000
6	0		191.792368000
6	0		191.838572000
6	1418		191.839794000
6	0		191.930346000
6	0		191.930365000
6	2836		191.931601000
6	2836		191.935808000
6	0		192.022819000
6	0		192.022839000
6	2836		192.024060000
6	2836		192.028213000
6	0		192.068670000
6	0		192.068696000
6	1418		192.069939000
6	2836		192.072017000
6	0		192.114478000
6	2836		192.115713000
6	0		192.206369000
6	0		192.206394000
6	2836		192.207622000
6	2836		192.211777000
6	0		192.298342000
6	0		192.298360000
6	2836		192.299581000
6	2836		192.303737000
6	0		192.390282000
6	0		192.390302000
6	2836		192.391831000
6	2836		192.395981000
6	0		192.436461000
6	2836		192.437689000
6	0		192.528188000
6	2836		192.529432000
6	0		192.575131000
6	2836		192.576356000
6	0		192.620712000
6	2836		192.621937000
6	2836		192.626097000
6	0		192.712599000
6	2836		192.713848000
6	0		192.758363000
6	2836		192.759580000
6	0		192.804950000
6	1418		192.806174000
6	0		193.034843000
6	1418		193.036088000
6	0		193.080404000
6	1418		193.081633000
6	0		193.126949000
6	1418		193.128215000
6	0		193.172554000
6	1418		193.173857000
6	0		193.264211000
6	1418		193.265460000
6	0		193.310837000
6	1418		193.312085000
6	0		193.356462000
6	1418		193.357706000
6	0		193.448166000
6	1418		193.449416000
6	0		193.494856000
6	0		193.494891000
6	1418		193.496106000
6	0		193.540461000
6	2836		193.541672000
6	0		193.587045000
6	1418		193.588342000
6	0		193.632734000
6	1418		193.634039000
6	0		193.678411000
6	1418		193.679634000
6	0		193.725035000
6	1418		193.726349000
6	0		193.770734000
6	1418		193.771962000
6	0		193.816295000
6	1418		193.817536000
6	0		193.862885000
6	1418		193.864203000
6	0		193.908579000
6	1418		193.909821000
6	0		194.000347000
6	0		194.000366000
6	1418		194.001606000
6	0		194.046972000
6	2836		194.048187000
6	0		194.092541000
6	1418		194.093949000
6	0		194.138308000
6	1418		194.139607000
6	0		194.185096000
6	1418		194.186359000
6	0		194.230735000
6	1418		194.231947000
6	0		194.276352000
6	1418		194.277644000
6	0		194.322981000
6	0		194.322996000
6	1418		194.324249000
6	0		194.368604000
6	2836		194.369992000
6	0		194.414365000
6	1418		194.415750000
6	0		194.507064000
6	1418		194.508289000
6	0		194.552751000
6	2836		194.554034000
6	0		194.598346000
6	1418		194.599624000
6	0		194.644948000
6	1418		194.646336000
6	0		194.690652000
6	1418		194.691931000
6	0		194.736268000
6	1418		194.737635000
6	0		194.874305000
6	0		194.874323000
6	1418		194.875609000
6	0		194.920905000
6	2836		194.922200000
6	0		195.150092000
6	1418		195.151418000
6	0		195.196730000
6	0		195.196748000
6	1418		195.197970000
6	0		195.242252000
6	2836		195.243462000
6	0		195.288791000
6	1418		195.290051000
6	0		195.334536000
6	1418		195.335870000
6	0		195.426261000
6	1418		195.427618000
6	0		195.518272000
6	1418		195.519505000
6	0		195.564801000
6	1418		195.566109000
6	0		195.610422000
6	1418		195.611639000
6	0		195.656945000
6	1418		195.658175000
6	0		195.702494000
6	1418		195.703774000
6	0		195.794315000
6	0		195.794354000
6	1418		195.795618000
6	0		195.840897000
6	0		195.932274000
6	0		195.932291000
6	0		195.978418000
6	0		196.024557000
6	0		196.070724000
6	0		196.116855000
6	0		196.163043000
6	0		196.254376000
6	0		196.254396000
6	0		196.300520000
6	0		196.393007000
6	0		196.438902000
6	0		196.576210000
6	0		196.622506000
6	0		196.668643000
6	0		196.760910000
6	0		196.852329000
6	0		196.944703000
6	0		197.083034000
6	0		197.174245000
6	0		197.266300000
6	0		197.358652000
6	0		197.542904000
6	0		197.588785000
6	0		197.726130000
6	2836		197.727647000
6	0		197.772982000
6	1418		197.774236000
6	1418		197.776346000
6	0		198.278597000
6	2836		198.279832000
6	2836		198.283991000
6	2836		198.292387000
6	2836		198.300680000
6	2836		198.309027000
6	2836		198.317392000
6	2836		198.325728000
6	2836		198.334086000
6	2836		198.342423000
6	2836		198.350857000
6	1418		198.359174000
6	2836		198.363341000
6	0		198.370613000
6	2836		198.371683000
6	2836		198.380063000
6	2836		198.388391000
6	2836		198.396686000
6	2836		198.405060000
6	2836		198.413381000
6	2836		198.421747000
6	2836		198.430095000
6	2836		198.438468000
6	0		198.738579000
6	2836		198.739874000
6	0		198.876517000
6	2836		198.877753000
6	0		198.968973000
6	0		198.969003000
6	2836		198.970258000
6	0		198.970657000
6	0		199.014944000
6	2836		199.016184000
6	0		199.106777000
6	2836		199.108146000
6	0		199.198620000
6	2836		199.199960000
6	0		199.290422000
6	2836		199.291636000
6	0		199.428183000
6	2836		199.429483000
6	0		199.474846000
6	2836		199.476174000
6	0		199.566634000
6	2836		199.567883000
6	0		199.658336000
6	2836		199.659695000
6	0		199.796188000
6	2836		199.797433000
6	0		199.842748000
6	2836		199.844030000
6	0		199.934498000
6	2836		199.935879000
6	0		200.026314000
6	2836		200.027611000
6	0		200.164131000
6	2836		200.165445000
6	0		200.210849000
6	2836		200.212082000
6	0		200.302580000
6	2836		200.303844000
6	0		200.394323000
6	0		200.394342000
6	0		200.394346000
6	0		200.394353000
6	0		200.394357000
6	0		200.395460000
6	0		200.395567000
6	2836		200.395574000
6	0		200.395747000
6	0		200.396091000
6	0		200.486556000
6	2836		200.487772000
6	0		200.670926000
6	1418		200.672127000
6	0		200.900608000
6	0		201.038077000
6	0		201.130478000
6	0		201.222638000
6	0		201.315003000
6	0		201.406206000
6	0		201.452525000
6	1418		201.453796000
6	1418		201.526287000
6	0		201.544663000
6	0		201.636989000
6	1418		201.671320000
6	0		201.728849000
6	1418		201.816298000
6	0		201.820576000
6	0		201.912925000
6	1418		201.961304000
6	0		202.004795000
6	1418		202.106356000
6	0		202.142156000
6	0		202.188878000
6	1418		202.251312000
6	0		202.280749000
6	0		202.373025000
6	1418		202.396323000
6	0		202.464787000
6	1418		202.541334000
6	0		202.556677000
6	0		202.648978000
6	1418		202.686325000
6	1418		202.736194000
6	1418		202.786000000
6	1418		202.835923000
6	1418		202.885701000
6	0		202.924913000
6	1418		202.935545000
6	1418		202.985408000
6	1418		203.035221000
6	1418		203.085097000
6	1418		203.134930000
6	1418		203.184732000
6	1418		203.234593000
6	0		203.430581000
6	1418		203.431843000
6	1418		203.456829000
6	0		203.522426000
6	1418		203.523751000
6	1418		203.556432000
6	0		203.660234000
6	1418		203.661502000
6	1418		203.686444000
6	0		203.752130000
6	0		203.844787000
6	0		203.982231000
6	0		204.120821000
6	0		204.304517000
6	0		204.534214000
6	0		204.718971000
6	0		204.856338000
6	0		205.087034000
6	1418		205.088276000
6	0		205.362438000
6	1418		205.363780000
6	1418		205.388659000
6	0		205.500879000
6	1418		205.502099000
6	1418		205.527083000
6	0		205.684839000
6	1418		205.686146000
6	1418		205.711096000
6	1418		205.760911000
6	1418		205.810751000
6	0		205.822269000
6	1418		205.860656000
6	1418		205.910490000
6	1418		205.960257000
6	0		206.006975000
6	1418		206.010121000
6	0		206.052577000
6	1418		206.060017000
6	1418		206.109817000
6	1418		206.159723000
6	0		206.191055000
6	1418		206.209502000
6	1418		206.259338000
6	1418		206.309192000
6	0		206.328489000
6	1418		206.359041000
6	1418		206.408867000
6	1418		206.458830000
6	1418		206.508532000
6	0		206.512208000
6	1418		206.558406000
6	0		206.558945000
6	0		206.558967000
6	0		206.559950000
6	0		206.560301000
6	1418		206.608249000
6	0		206.650365000
6	1418		206.658085000
6	1418		206.707935000
6	1418		206.757767000
6	0		206.788859000
6	1418		206.807620000
6	1418		206.857473000
6	1418		206.907307000
6	0		206.926653000
6	1418		206.957176000
6	1418		207.007058000
6	1418		207.056892000
6	1418		207.106693000
6	0		207.156126000
6	1418		207.157361000
6	1418		207.196454000
6	1418		207.236363000
6	0		207.248875000
6	1418		207.276154000
6	1418		207.316029000
6	1418		207.355891000
6	0		207.386327000
6	1418		207.395763000
6	1418		207.435656000
6	0		207.570443000
6	0		207.709021000
6	1418		207.710416000
6	1418		207.743545000
6	0		207.892516000
6	1418		207.893765000
6	1418		207.918669000
6	0		208.030433000
6	1418		208.031665000
6	1418		208.056586000
6	0		208.168581000
6	1418		208.169878000
6	1418		208.194802000
6	0		208.352781000
6	1418		208.354126000
6	1418		208.378964000
6	0		208.444531000
6	1418		208.445802000
6	1418		208.478718000
6	0		208.628785000
6	1418		208.630123000
6	1418		208.655035000
6	0		208.812439000
6	1418		208.813706000
6	1418		208.838615000
6	0		208.950988000
6	1418		208.952214000
6	1418		208.977157000
6	0		209.042406000
6	1418		209.043630000
6	1418		209.076849000
6	0		209.180583000
6	1418		209.181867000
6	1418		209.206831000
6	0		209.318751000
6	1418		209.319986000
6	1418		209.344973000
6	0		209.502691000
6	1418		209.504020000
6	1418		209.528921000
6	0		209.594451000
6	1418		209.595700000
6	1418		209.628627000
6	0		209.778665000
6	1418		209.779901000
6	1418		209.804834000
6	0		209.962657000
6	1418		209.964017000
6	1418		209.988915000
6	0		210.146539000
6	1418		210.147819000
6	1418		210.172744000
6	0		210.284415000
6	1418		210.285641000
6	1418		210.306417000
6	0		210.376746000
6	1418		210.378053000
6	1418		210.398894000
6	0		210.561026000
6	1418		210.562342000
6	1418		210.583163000
6	0		210.652709000
6	0		210.654707000
6	0		210.744383000
6	0		210.836788000
6	0		211.020425000
6	0		211.159042000
6	0		211.342658000
6	0		211.434922000
6	0		211.572427000
6	1418		211.573680000
6	1418		211.599662000
6	0		211.756739000
6	1418		211.757951000
6	1418		211.783977000
6	0		211.940494000
6	1418		211.941696000
6	1418		211.967678000
6	1418		212.019681000
6	1418		212.071664000
6	1418		212.123639000
6	0		212.124410000
6	1418		212.175700000
6	1418		212.227671000
6	1418		212.279688000
6	1418		212.331579000
6	0		212.354190000
6	1418		212.383650000
6	1418		212.435762000
6	0		212.447027000
6	1418		212.487583000
6	0		212.539033000
6	1418		212.539525000
6	1418		212.591506000
6	1418		212.643549000
6	0		212.676811000
6	0		212.676832000
6	0		212.678168000
6	1418		212.695520000
6	1418		212.747554000
6	1418		212.799468000
6	1418		212.851554000
6	0		212.860906000
6	1418		212.903415000
6	1418		212.955403000
6	0		212.998686000
6	1418		213.007387000
6	1418		213.059369000
6	1418		213.111483000
6	0		213.136906000
6	1418		213.163351000
6	0		213.274323000
6	1418		213.275665000
6	0		213.458473000
6	1418		213.459702000
6	1418		213.494438000
6	0		213.642113000
6	1418		213.643404000
6	1418		213.678144000
6	0		213.688497000
6	1418		213.747664000
6	1418		213.817078000
6	0		213.918169000
6	1418		213.919424000
6	1418		213.947276000
6	0		213.964608000
6	1418		214.002879000
6	1418		214.058305000
6	1418		214.113884000
6	1418		214.169470000
6	0		214.194237000
6	1418		214.225035000
6	0		214.240423000
6	1418		214.280600000
6	0		214.424911000
6	1418		214.426229000
6	1418		214.472607000
6	0		214.563047000
6	1418		214.565110000
6	0		214.654885000
6	1418		214.656158000
6	1418		214.704046000
6	0		214.792540000
6	1418		214.793805000
6	1418		214.842984000
6	0		214.930487000
6	1418		214.931700000
6	1418		214.981816000
6	0		215.022618000
6	1418		215.051290000
6	1418		215.115465000
6	1418		215.179724000
6	0		215.207049000
6	1418		215.243854000
6	1418		215.308058000
6	0		215.390562000
6	1418		215.391863000
6	1418		215.436450000
6	0		215.482803000
6	1418		215.500733000
6	1418		215.564850000
6	0		215.666943000
6	1418		215.668185000
6	0		215.712340000
6	1418		215.713578000
6	1418		215.764461000
6	0		215.896722000
6	1418		215.897976000
6	1418		215.930082000
6	0		215.988967000
6	1418		215.994281000
6	1418		216.058504000
6	0		216.127064000
6	1418		216.128354000
6	1418		216.186866000
6	0		216.264238000
6	1418		216.265547000
6	1418		216.315315000
6	0		216.356675000
6	1418		216.379533000
6	1418		216.443651000
6	0		216.494653000
6	1418		216.507834000
6	1418		216.572026000
6	0		216.632540000
6	1418		216.636274000
6	1418		216.700424000
6	0		216.816471000
6	1418		216.817723000
6	1418		216.849838000
6	0		217.000307000
6	1418		217.001558000
6	1418		217.027245000
6	0		217.046608000
6	1418		217.078768000
6	1418		217.129955000
6	1418		217.181304000
6	0		217.184652000
6	1418		217.232644000
